Age,Department,DistanceFromHome,Education,EnvironmentSatisfaction,JobInvolvement,JobLevel,JobSatisfaction,MonthlyIncome,NumCompaniesWorked,OverTime,PercentSalaryHike,PerformanceRating,TotalWorkingYears,TrainingTimesLastYear,WorkLifeBalance,YearsAtCompany,YearsInCurrentRole,YearsSinceLastPromotion,YearsWithCurrManager,Attrition
50,Marketing,14,3,1,3,3,3,5060,8,Yes,18,3,33,3,3,9,16,8,8,1
36,Sales,12,5,1,4,3,3,5765,9,Yes,11,3,28,0,1,16,0,13,12,1
29,Sales,21,5,2,1,4,1,7553,8,No,15,3,35,5,4,29,0,6,15,1
42,IT,12,3,2,4,5,1,8378,3,No,20,4,6,2,3,12,4,6,9,0
40,Sales,11,2,1,3,2,1,19073,3,No,11,4,29,0,2,29,11,3,15,1
44,HR,7,4,3,1,5,4,18700,7,No,11,3,16,5,1,29,5,13,13,0
32,HR,4,1,2,4,1,3,8130,9,Yes,12,3,12,0,4,6,5,4,1,1
32,Sales,19,4,2,4,3,3,4186,3,No,12,3,23,0,3,9,16,5,10,1
45,Sales,1,1,4,3,4,3,6789,1,No,19,3,30,0,1,34,12,11,10,0
57,IT,28,1,3,4,5,1,17122,1,No,14,3,26,3,1,1,7,10,13,0
45,Sales,24,5,3,3,4,3,18529,0,No,13,4,20,2,2,29,11,11,14,0
24,IT,29,1,1,2,5,2,8942,4,No,21,3,0,0,1,18,14,1,6,0
43,IT,3,1,3,3,1,1,8548,5,No,11,3,14,5,4,38,16,3,14,1
23,Sales,13,3,1,2,2,3,17944,8,No,22,3,2,3,3,36,8,14,7,1
45,R&D,15,4,4,1,4,4,19296,4,Yes,12,3,5,1,1,2,17,12,3,0
51,R&D,2,3,3,4,4,1,19248,5,No,16,3,13,0,1,24,1,3,13,0
59,IT,11,1,2,3,2,2,1296,5,Yes,19,3,37,3,4,33,10,11,3,1
23,Sales,4,5,4,3,4,2,3409,2,No,15,4,32,4,2,21,16,12,1,0
42,R&D,19,3,1,4,4,4,2461,3,Yes,14,3,37,1,2,37,17,3,5,1
54,Sales,29,3,4,4,5,4,3268,0,No,23,3,7,2,3,13,14,6,10,0
33,Sales,17,2,1,1,5,1,18378,3,No,15,3,25,0,4,38,6,12,0,0
43,Sales,3,1,4,1,2,1,7554,0,No,19,4,14,0,2,1,15,6,14,0
46,Marketing,28,5,1,3,1,2,17391,4,Yes,22,4,13,3,3,31,0,6,11,0
48,Sales,18,3,3,1,4,4,19899,7,Yes,23,3,19,2,3,2,17,6,4,0
49,Marketing,8,3,2,2,1,1,18801,7,No,17,3,18,4,2,7,7,1,10,0
37,IT,22,5,1,1,2,2,19700,4,No,18,4,32,1,4,25,6,4,0,1
36,R&D,25,1,4,1,2,4,8358,9,No,14,3,35,5,1,31,1,9,16,1
24,R&D,24,2,1,3,5,2,18671,1,No,21,3,23,2,2,10,11,1,7,1
58,R&D,26,3,1,2,4,3,18502,5,No,18,3,9,0,1,0,15,4,15,0
28,R&D,19,2,1,1,3,4,8637,0,No,16,3,33,3,1,14,8,11,10,1
42,R&D,5,4,4,2,2,1,1660,6,No,15,3,35,4,4,3,10,5,10,0
30,R&D,7,1,2,2,4,1,9907,3,No,23,3,35,3,4,3,14,2,14,0
39,R&D,21,4,3,2,1,3,7922,4,No,22,3,15,1,3,27,2,5,7,0
25,IT,8,4,2,4,5,4,12953,5,Yes,17,3,14,2,4,9,12,14,13,1
46,Sales,28,4,1,4,1,2,19913,0,Yes,16,3,17,3,3,10,12,4,0,0
35,HR,5,1,4,4,2,1,4970,8,No,13,3,6,5,2,22,1,3,9,0
30,Marketing,17,1,2,4,2,3,4407,9,Yes,15,3,21,5,1,2,5,9,6,0
47,HR,5,5,1,3,1,3,10046,3,No,19,3,31,3,4,38,5,8,11,1
23,HR,4,2,3,1,2,4,15547,7,No,17,3,18,0,2,38,11,10,1,0
41,Sales,22,2,3,4,4,4,5760,4,No,22,4,39,3,3,16,3,13,6,0
49,Sales,19,5,3,3,2,1,19281,7,No,14,4,0,4,4,21,4,7,11,0
28,Sales,27,5,1,1,5,3,14465,0,Yes,17,4,34,2,1,26,7,11,13,0
29,R&D,21,4,4,4,4,2,5087,7,Yes,15,3,4,1,2,15,5,6,9,1
56,IT,2,5,2,1,3,3,8607,3,No,21,3,11,5,4,15,2,10,8,0
35,R&D,11,3,3,4,2,2,5019,1,Yes,23,4,11,3,4,39,7,14,14,1
38,IT,22,2,1,3,2,2,1815,5,No,12,3,20,4,2,2,10,0,9,1
57,IT,13,5,1,2,5,1,13563,1,No,23,3,18,5,3,32,17,8,11,1
25,HR,15,3,2,2,5,3,14292,4,No,16,3,8,5,3,1,9,8,11,1
23,HR,12,3,3,1,1,2,17158,1,No,17,3,35,1,4,38,11,5,8,1
27,IT,22,3,1,3,1,4,1922,2,No,18,3,31,5,3,26,7,6,3,0
25,IT,21,3,2,2,1,2,13929,5,No,16,3,34,4,3,14,15,12,0,0
50,R&D,22,4,4,4,5,4,15925,0,Yes,18,3,30,5,2,6,17,2,15,1
39,R&D,11,3,4,2,1,4,18648,5,No,17,3,31,5,3,8,8,4,0,0
47,HR,7,4,4,1,1,3,11979,2,No,12,4,36,3,3,5,3,6,12,0
55,Sales,28,4,3,1,3,4,3722,6,No,24,3,31,3,2,11,8,0,2,1
31,IT,5,3,2,3,1,2,6355,1,Yes,16,3,36,2,4,29,1,11,11,0
57,R&D,17,2,2,1,2,4,14301,5,Yes,19,4,38,0,4,19,8,0,8,0
35,HR,24,3,1,2,5,3,3550,7,No,22,3,37,4,2,19,8,4,3,0
52,R&D,20,3,1,2,4,1,12141,0,No,16,3,29,0,1,26,17,8,1,1
36,IT,9,3,1,2,3,2,19057,8,No,14,3,31,0,2,19,10,6,8,0
29,IT,14,2,2,2,5,2,12284,4,No,17,3,1,5,1,6,12,0,12,1
35,Marketing,26,1,1,3,5,3,19050,4,No,13,4,10,1,3,39,5,12,13,0
44,Sales,12,1,2,4,2,3,2384,4,Yes,15,3,19,1,4,39,8,12,2,1
42,Marketing,6,4,2,4,1,3,9252,5,No,11,4,36,5,1,29,15,14,8,1
37,HR,17,4,4,3,2,3,8238,1,No,20,3,8,4,1,7,3,11,14,0
39,R&D,19,2,1,1,1,2,7026,5,No,13,3,37,0,3,1,1,4,9,1
45,HR,19,5,4,4,1,1,11482,3,No,18,3,18,2,4,13,6,14,16,0
47,IT,26,1,3,1,5,4,14801,7,No,19,3,39,0,3,9,14,7,12,1
46,Marketing,16,4,3,4,1,4,17120,8,No,19,3,6,1,4,17,5,7,0,1
50,Marketing,12,1,3,1,3,1,16580,8,Yes,20,3,4,0,4,17,10,11,10,1
36,Marketing,12,2,2,3,3,1,9664,7,No,12,3,23,3,3,15,16,1,4,1
22,HR,20,2,2,2,3,1,18342,2,No,14,3,6,3,1,4,3,6,8,1
46,IT,6,5,2,1,5,3,1493,9,No,15,3,10,2,2,30,6,9,6,0
28,R&D,23,5,1,2,2,2,17465,3,No,13,3,8,4,4,36,10,4,6,0
30,R&D,26,2,4,1,4,2,7999,0,Yes,23,3,29,0,4,19,12,8,1,0
45,HR,4,4,2,1,1,2,14833,8,Yes,21,3,2,3,2,22,2,2,9,1
22,Marketing,6,1,4,1,4,3,3970,4,No,11,4,21,4,2,31,13,0,4,0
29,Sales,11,3,4,1,2,2,1011,5,No,16,3,39,3,3,16,1,12,15,0
45,HR,1,5,4,1,2,3,16551,2,No,24,3,19,4,4,12,17,3,4,0
32,HR,24,3,1,2,5,2,18145,9,No,20,3,31,4,3,12,4,6,14,0
38,IT,23,4,1,1,3,1,4185,7,No,12,3,6,3,2,16,12,0,15,0
29,R&D,15,5,3,2,3,4,17409,6,Yes,19,4,6,5,3,14,12,1,3,1
56,HR,27,3,3,3,2,4,2806,0,No,11,3,19,1,4,25,13,13,13,0
56,HR,11,4,4,4,5,3,6664,9,No,21,4,24,4,1,27,11,4,16,0
54,Marketing,25,1,3,1,5,2,15126,4,No,19,3,34,5,1,29,12,8,16,1
26,Marketing,19,4,4,4,1,4,13894,9,Yes,17,4,23,0,4,34,17,13,15,1
49,Sales,18,5,1,2,3,1,6154,8,No,21,3,39,5,3,21,12,0,8,0
28,IT,17,2,1,3,2,1,14767,5,Yes,23,3,12,3,2,9,3,11,1,1
30,Sales,19,1,1,3,4,1,16226,7,No,20,3,38,5,2,10,9,3,10,0
29,Marketing,21,3,2,3,3,3,2525,9,No,12,3,3,1,1,37,4,11,14,1
33,R&D,14,5,4,4,1,3,1760,0,Yes,24,3,11,3,3,32,17,13,2,0
55,Marketing,27,2,1,2,5,2,17978,9,No,16,3,16,2,2,5,7,2,15,0
54,IT,18,4,4,1,2,1,14880,6,No,18,3,0,0,2,36,13,13,5,1
44,Marketing,28,2,3,1,3,2,2055,2,Yes,12,3,16,2,4,6,1,4,13,0
45,IT,19,5,3,2,4,2,11046,8,Yes,15,3,1,5,3,11,7,4,4,0
58,IT,15,5,1,4,1,1,4083,5,No,23,3,5,4,3,6,15,9,4,1
56,IT,15,2,4,1,1,2,16678,4,No,22,3,10,5,2,1,6,1,5,0
43,IT,4,4,1,2,3,4,13108,7,No,21,3,17,4,3,0,2,4,1,0
48,IT,7,2,3,1,4,3,10650,7,No,16,4,39,2,3,22,3,8,16,1
56,R&D,13,5,1,3,1,2,6957,2,No,13,3,24,2,3,24,6,4,0,1
22,Sales,3,5,4,1,2,1,6255,1,No,24,3,38,4,4,17,3,14,8,0
56,HR,16,3,3,4,1,3,10411,1,No,22,3,27,1,2,6,8,10,12,0
58,Sales,9,3,2,2,4,3,17344,4,Yes,12,4,15,0,1,2,16,9,3,0
35,IT,8,1,3,4,5,2,10691,9,No,21,3,11,3,3,28,16,1,4,0
24,R&D,20,5,2,2,5,4,19214,6,No,16,3,28,2,2,9,13,6,9,1
22,Marketing,13,3,1,3,3,2,4395,7,Yes,13,3,22,0,1,4,13,14,3,0
26,R&D,17,2,1,2,4,4,2203,9,Yes,12,3,20,3,4,33,12,5,12,0
47,IT,17,4,4,1,1,3,4044,7,Yes,11,3,15,5,2,7,3,6,12,0
35,R&D,17,2,2,1,1,2,8272,7,No,24,3,25,3,4,13,12,7,16,0
48,R&D,1,4,1,3,5,1,4514,9,No,18,3,36,2,2,39,16,9,7,0
30,IT,8,3,2,2,5,2,10990,2,No,11,4,21,1,4,5,14,4,3,0
36,R&D,19,1,1,3,2,4,7192,1,Yes,22,3,9,1,2,0,17,1,2,0
36,HR,6,2,3,1,5,4,11767,3,Yes,15,3,6,0,4,32,10,6,10,0
47,HR,3,2,1,4,2,2,17528,0,No,21,3,8,5,1,39,3,6,11,1
34,R&D,27,2,4,3,1,4,8507,2,No,16,3,24,0,2,10,10,7,8,0
53,Marketing,5,4,3,4,2,3,5857,8,Yes,21,3,14,4,1,23,9,6,14,1
53,IT,13,3,4,4,2,2,13118,6,No,22,3,12,1,3,9,12,9,12,0
25,HR,15,2,3,2,3,4,18761,6,No,22,3,25,0,1,22,7,6,4,0
51,Marketing,14,2,2,3,5,2,4146,0,Yes,13,3,20,4,2,15,12,13,4,0
58,R&D,29,1,4,4,2,2,18177,6,No,24,4,22,5,1,36,8,12,10,0
44,Marketing,23,1,1,4,1,1,6756,9,Yes,17,3,27,3,2,15,0,8,8,1
36,Sales,16,3,2,2,4,2,5414,6,No,12,3,37,0,4,30,0,7,2,0
50,HR,18,3,1,2,2,1,18494,3,No,17,3,11,4,3,5,14,14,12,0
57,R&D,22,5,3,1,5,4,4937,6,No,12,3,23,1,1,29,3,1,11,1
34,IT,29,1,3,4,3,1,4963,7,No,15,3,12,3,3,36,0,1,8,1
53,R&D,22,5,1,1,1,1,6897,2,No,17,3,39,0,1,0,11,6,9,1
28,IT,11,4,1,4,3,1,9974,9,No,21,3,1,1,2,24,10,9,12,0
43,R&D,3,5,2,1,4,3,15377,1,Yes,21,3,38,3,1,20,14,14,12,1
49,Marketing,22,2,1,2,2,1,18500,6,No,24,3,11,2,3,34,9,10,8,1
23,Marketing,10,5,4,3,2,2,17056,4,Yes,13,3,38,1,1,37,0,12,9,0
27,Marketing,10,3,4,2,5,1,2750,4,No,24,3,13,2,3,4,2,14,5,1
49,Sales,21,4,1,1,2,2,5027,4,Yes,21,3,29,5,3,11,13,9,6,1
49,IT,16,2,4,1,1,1,12528,6,No,14,3,18,0,2,4,14,2,14,0
41,Marketing,12,5,1,3,4,3,6745,8,Yes,11,3,30,4,4,8,0,0,13,1
51,Sales,2,4,2,4,3,4,10679,7,No,13,3,24,0,4,8,9,8,15,0
32,IT,9,4,4,1,4,1,6938,5,No,19,3,3,1,1,34,0,13,13,1
49,R&D,24,2,4,1,2,1,13150,6,No,20,3,12,2,3,0,14,14,1,0
46,Sales,3,5,1,1,3,3,14406,8,No,15,3,35,2,2,9,2,13,8,1
54,HR,24,4,4,3,5,1,18743,5,No,18,3,36,3,4,38,11,13,2,0
22,Sales,25,4,3,2,4,2,5853,0,No,12,3,2,0,2,35,15,2,5,0
48,Sales,15,1,2,1,3,1,19325,3,Yes,13,4,15,0,2,36,7,0,4,1
34,IT,3,4,2,3,3,1,4148,7,No,17,3,25,1,3,34,13,5,13,0
24,R&D,19,1,4,1,3,4,17243,6,No,24,3,39,2,1,16,17,3,14,0
27,HR,18,5,4,4,1,4,8933,2,No,20,3,38,1,3,12,0,13,16,1
29,Marketing,8,5,3,3,4,1,10436,9,Yes,14,3,18,1,4,5,1,0,8,1
48,Marketing,26,5,3,1,3,3,18669,2,No,19,3,14,5,4,36,11,3,8,1
30,Sales,17,3,4,3,4,4,7474,2,No,24,3,31,2,2,31,16,7,15,0
58,IT,8,5,4,1,3,1,15679,0,No,17,4,20,1,3,10,1,10,5,0
54,IT,7,4,3,2,5,4,12228,9,No,24,4,0,2,3,16,16,6,7,1
45,Marketing,7,2,1,1,5,1,1770,0,Yes,21,4,5,1,2,4,6,14,2,0
36,HR,3,1,3,3,5,4,2843,5,No,22,3,26,4,1,5,5,11,4,0
53,R&D,1,3,1,4,2,4,1073,0,No,11,4,22,1,2,9,5,0,6,0
53,HR,4,5,2,4,3,2,19044,4,No,14,3,30,1,2,32,7,9,0,1
45,R&D,25,5,2,4,2,1,17059,3,Yes,20,3,11,4,4,29,4,11,3,1
33,Marketing,5,2,3,1,4,1,9000,4,Yes,21,3,20,0,3,20,14,8,15,0
23,R&D,1,2,1,2,2,1,14273,6,No,16,3,1,2,4,16,6,5,13,0
24,IT,15,3,3,1,4,1,17121,5,Yes,16,3,4,3,2,26,2,1,0,1
58,Sales,5,1,3,4,4,4,1331,8,No,20,3,8,4,3,2,9,2,3,0
38,Sales,13,5,1,3,4,2,18805,5,No,16,3,19,0,2,28,2,6,9,1
23,Marketing,8,3,3,4,2,2,8512,8,No,15,4,17,1,2,1,13,2,10,0
23,IT,8,4,2,3,3,3,5931,3,Yes,13,3,21,5,1,28,2,12,6,1
49,HR,5,4,4,2,2,1,13742,0,No,12,3,7,0,4,35,0,2,3,1
44,IT,28,3,4,3,3,3,14426,0,No,13,3,33,4,4,33,0,4,0,1
58,Sales,9,5,3,1,3,4,6113,9,No,19,4,8,5,2,36,3,2,0,1
53,Sales,1,3,1,1,4,3,9419,6,No,13,3,6,1,1,0,1,2,16,1
54,IT,4,5,1,1,2,1,3881,2,No,13,3,29,0,2,25,10,10,9,0
22,IT,3,2,2,3,3,2,14145,1,No,11,4,17,3,2,0,11,4,4,0
40,Sales,2,3,1,1,5,2,14556,5,No,12,3,26,2,2,3,12,13,6,0
23,HR,8,5,1,1,3,1,3575,5,No,21,3,15,2,1,38,15,4,7,0
47,Marketing,23,3,2,1,5,4,13714,6,No,22,3,20,4,3,13,15,11,1,1
53,Marketing,9,3,3,2,2,1,7185,4,No,13,3,4,1,1,17,8,8,8,0
27,IT,2,5,4,3,2,4,9656,7,No,12,3,28,1,2,33,15,0,3,0
53,Marketing,14,5,2,3,2,2,6741,6,Yes,18,3,36,2,3,0,6,13,11,1
25,Sales,14,1,3,4,3,4,17661,1,No,16,4,21,0,2,21,12,0,10,1
32,Sales,4,3,2,3,1,1,1065,0,No,17,4,13,1,1,15,3,10,4,0
38,IT,6,4,3,2,3,1,5262,8,Yes,11,3,18,3,1,21,12,13,11,0
59,IT,11,3,2,3,3,1,6704,4,No,16,3,34,3,3,15,7,8,3,0
45,IT,3,3,3,2,4,4,16355,4,Yes,12,4,23,1,1,27,1,4,12,0
26,HR,8,5,2,2,4,4,9594,9,No,23,3,5,1,2,27,6,3,0,0
55,Marketing,3,3,3,3,3,4,13175,3,No,16,3,2,2,3,21,10,1,3,0
27,IT,14,3,2,4,5,2,13696,1,No,13,3,33,4,4,5,16,11,3,1
43,R&D,28,4,4,1,4,3,7255,4,No,17,3,1,2,2,24,13,8,7,0
32,R&D,13,5,4,1,3,3,8441,1,No,13,3,14,4,4,1,12,5,5,1
37,Sales,13,3,1,3,1,1,15986,6,No,19,3,36,3,3,6,14,14,3,0
54,Marketing,2,2,3,3,5,2,14350,8,No,13,3,14,4,3,16,8,8,3,0
30,IT,13,1,2,2,2,4,15440,8,No,17,4,31,2,2,34,2,4,10,0
27,R&D,29,4,3,3,3,1,8960,5,No,22,3,20,1,1,19,12,3,8,1
37,Marketing,19,3,4,2,3,2,18821,0,No,14,3,16,4,2,1,12,6,13,1
50,Sales,27,2,3,4,5,1,14665,5,Yes,18,4,33,2,1,6,8,4,3,1
24,HR,6,3,2,3,4,2,7629,4,No,24,3,31,3,1,31,17,7,12,1
41,Marketing,16,3,3,1,4,2,14828,3,Yes,12,3,22,5,2,18,4,7,5,0
57,Marketing,2,5,2,1,4,3,5541,5,No,18,3,34,4,3,11,10,12,12,0
40,HR,8,5,4,3,2,1,8876,5,No,19,3,36,3,2,8,1,1,2,0
47,Marketing,17,5,4,2,5,4,14311,5,No,23,3,36,3,4,26,16,12,6,0
24,Sales,23,2,4,1,5,3,15588,1,No,18,3,32,0,3,13,3,14,0,0
40,Sales,2,3,1,2,4,3,17648,6,No,16,3,24,5,1,1,17,4,10,1
41,HR,10,1,4,3,4,4,13380,3,No,20,4,36,4,3,20,7,9,1,0
53,IT,28,4,3,3,1,2,10877,8,No,11,3,39,2,2,3,11,7,4,1
28,R&D,16,5,1,1,1,4,18818,9,No,17,3,20,4,3,20,10,2,13,1
54,IT,6,5,4,3,3,1,6097,1,Yes,11,3,37,4,1,21,15,6,12,1
39,Marketing,28,3,3,4,3,4,19044,4,Yes,17,3,39,5,1,1,4,2,15,1
22,R&D,2,3,3,4,5,2,19738,3,No,24,3,33,3,3,16,2,14,14,0
32,HR,2,2,3,1,5,4,7461,8,No,12,3,18,3,4,18,11,5,2,0
49,HR,26,2,2,4,2,2,8044,3,Yes,18,3,26,3,1,39,14,1,5,1
46,R&D,13,5,1,2,2,2,6497,7,No,12,3,8,3,4,23,15,5,8,0
44,Sales,24,3,3,1,1,1,14751,7,Yes,13,3,4,5,1,19,12,5,2,1
52,R&D,15,1,2,1,3,4,10304,5,Yes,23,3,4,2,3,37,6,7,12,1
51,Marketing,28,4,4,2,1,4,11426,5,No,22,4,24,1,1,11,14,4,12,0
56,Sales,2,3,3,4,1,1,12058,7,No,13,3,25,0,4,24,2,13,6,1
28,HR,7,3,2,4,3,2,12260,9,No,11,3,18,3,4,22,11,0,4,0
37,R&D,3,2,3,4,2,4,19563,8,No,15,3,29,3,3,33,7,14,7,1
47,IT,8,4,1,1,3,1,1634,4,No,15,3,35,0,4,31,11,7,7,1
23,IT,23,5,1,1,4,2,11057,0,No,20,3,15,3,4,23,17,11,6,0
22,Marketing,14,3,4,4,4,1,14345,0,Yes,15,3,6,1,3,24,2,8,6,1
33,IT,24,5,3,3,4,4,11147,1,No,24,3,17,4,1,2,11,0,3,1
26,R&D,23,3,2,4,5,1,19602,9,Yes,23,3,20,0,3,24,1,4,9,0
58,R&D,27,5,4,2,2,3,2389,9,No,19,3,30,2,1,27,13,11,12,0
53,IT,22,4,3,1,2,2,14071,4,Yes,16,3,0,0,1,11,13,5,3,0
30,R&D,29,2,4,2,5,3,12322,3,No,16,3,2,1,1,25,3,3,9,1
56,Marketing,7,4,2,2,1,3,5276,0,Yes,13,3,30,5,2,7,16,13,6,0
40,Sales,21,1,4,1,4,2,13306,3,No,15,3,24,2,1,4,14,10,4,0
37,Marketing,7,2,4,3,4,2,2249,3,No,20,4,7,4,3,10,15,1,2,0
24,Marketing,1,4,4,4,1,1,18629,9,No,17,3,0,3,3,34,4,4,1,1
41,R&D,17,1,3,2,3,2,9245,3,Yes,13,3,6,0,3,26,16,13,10,0
45,Sales,9,3,2,1,3,3,12102,0,Yes,12,4,6,2,2,37,6,13,9,1
54,R&D,21,3,1,2,2,3,17226,8,Yes,15,3,7,0,4,18,14,3,12,0
45,HR,13,5,3,4,5,4,11588,2,No,13,3,18,4,2,31,16,12,6,0
32,R&D,21,2,1,3,2,2,1442,3,No,15,3,16,0,3,27,11,6,9,0
29,R&D,19,3,1,3,3,3,7976,4,Yes,19,3,10,2,3,35,10,5,3,0
57,R&D,21,2,3,3,1,4,5675,6,Yes,21,3,10,1,4,17,10,2,15,0
59,Sales,19,3,3,1,2,4,12803,5,No,20,4,37,5,2,9,1,8,5,0
41,R&D,25,5,2,1,4,1,8953,4,Yes,11,3,1,2,3,31,14,13,8,1
56,Sales,25,4,2,3,4,3,5377,7,Yes,14,3,3,0,1,17,4,3,12,1
46,IT,22,5,4,4,1,1,11599,0,Yes,20,3,27,4,1,11,17,14,6,0
56,HR,17,1,1,4,3,3,8058,6,Yes,15,3,32,3,3,7,15,10,13,1
46,Sales,23,3,2,1,4,1,18206,5,Yes,12,3,10,3,1,32,3,4,4,1
50,IT,23,1,4,3,4,1,12894,4,Yes,22,3,2,4,4,37,9,13,12,0
39,Sales,10,1,2,4,5,2,3939,6,No,12,3,39,0,3,13,1,2,7,0
39,Sales,10,2,3,4,2,1,2031,2,No,11,3,4,5,2,1,14,7,14,0
23,HR,4,3,2,4,3,2,11208,0,No,24,3,20,4,3,8,3,10,8,1
56,Marketing,8,1,1,1,2,4,1562,8,No,18,3,21,0,4,4,15,6,5,0
37,Marketing,22,4,2,3,3,3,11730,1,Yes,12,3,36,2,2,33,6,10,13,1
57,Sales,20,1,1,2,4,4,17724,9,No,13,3,10,5,4,18,11,10,9,0
54,R&D,20,4,3,3,5,3,17152,2,No,22,4,21,1,1,6,2,14,8,1
25,IT,18,2,1,3,2,4,14998,7,No,12,3,12,0,1,38,16,6,16,1
54,R&D,14,1,2,1,4,3,19680,9,Yes,14,3,2,3,1,16,8,7,12,0
35,R&D,18,5,4,4,3,1,17618,8,No,24,3,12,3,4,25,7,6,16,1
42,Sales,28,2,3,4,2,3,10308,2,Yes,11,3,27,5,4,26,5,2,12,1
41,Sales,14,4,2,1,2,3,10609,5,No,13,3,10,1,3,27,14,2,8,0
29,Sales,20,2,3,1,4,4,18675,6,No,15,3,10,0,2,19,9,1,0,1
28,Sales,21,1,3,1,2,4,9720,0,No,20,3,20,1,2,5,5,12,0,0
24,Marketing,24,3,2,1,5,4,11172,6,No,11,4,20,2,4,7,14,0,4,1
38,Sales,15,3,2,1,5,2,15457,3,No,14,4,6,1,4,31,13,4,7,0
54,Marketing,22,4,4,2,4,2,3939,4,No,16,3,16,2,1,18,12,11,3,0
33,Marketing,4,4,3,3,3,3,15345,7,Yes,14,3,13,3,4,31,13,3,0,1
43,Sales,13,3,3,3,4,3,17158,3,No,17,4,32,2,1,18,2,14,14,0
43,HR,27,4,2,3,5,1,6435,3,Yes,24,3,10,0,4,23,3,12,3,1
51,IT,23,2,1,4,1,1,6392,7,No,17,3,12,5,2,23,13,10,8,1
59,R&D,8,5,2,2,1,3,8972,4,Yes,16,3,0,5,3,16,13,1,9,0
59,Marketing,18,5,3,3,2,2,18617,5,No,19,3,33,0,4,17,7,0,14,0
29,IT,12,2,2,4,2,3,15799,4,No,12,3,8,0,1,11,9,13,2,1
48,HR,23,5,4,2,1,1,16052,0,No,23,4,12,0,3,22,8,13,1,0
48,R&D,14,1,1,2,5,2,7044,6,No,20,4,36,4,1,17,13,2,4,0
55,R&D,2,2,2,4,2,2,15415,5,Yes,18,3,29,2,1,15,7,12,0,1
42,Marketing,18,4,4,2,4,1,18274,1,No,18,3,36,0,3,15,10,5,10,0
51,Sales,24,2,3,4,4,3,14858,6,Yes,21,3,6,5,3,35,9,12,11,0
54,HR,2,3,2,3,5,4,18572,5,No,20,3,13,1,3,22,17,1,2,0
49,Marketing,11,4,3,4,2,3,6644,4,No,24,3,5,1,4,21,3,9,15,0
54,HR,9,3,4,2,4,3,18124,7,No,24,3,33,4,3,38,3,14,13,0
26,Sales,12,4,3,3,2,1,18753,4,No,21,3,15,2,4,32,11,12,11,1
40,Sales,17,5,4,3,2,2,19384,1,Yes,14,3,36,2,2,23,17,6,15,0
25,Marketing,15,2,4,1,4,1,18855,5,No,16,4,35,2,2,19,7,10,7,0
56,Sales,25,1,4,1,1,3,18920,0,No,21,4,5,5,1,32,2,6,16,0
38,IT,17,4,2,2,4,4,17702,4,No,16,3,7,5,1,30,17,10,16,1
49,R&D,26,4,3,4,5,4,6153,5,Yes,15,3,23,4,4,39,6,2,6,0
51,Marketing,29,3,3,4,3,4,2894,6,No,24,3,2,2,1,7,0,13,14,1
50,HR,26,5,1,2,4,1,8991,1,Yes,11,3,3,2,2,9,12,0,8,1
27,IT,18,3,1,3,2,2,16439,0,No,13,4,31,0,4,0,2,8,3,1
56,Marketing,22,3,1,2,2,1,10467,5,Yes,17,3,0,2,4,20,2,10,7,0
58,Sales,6,5,1,2,4,4,6935,2,No,18,3,33,5,3,24,14,4,9,1
45,Sales,17,1,3,3,3,3,18107,4,Yes,12,3,8,0,4,31,3,1,14,0
50,Sales,23,3,4,4,4,2,3329,1,No,13,3,11,0,1,9,12,14,13,0
52,Sales,24,3,4,2,3,1,10327,0,Yes,14,3,9,2,2,8,12,7,4,1
56,HR,18,4,2,4,3,1,3770,0,No,24,3,9,1,1,19,14,11,8,1
54,IT,8,5,4,2,5,2,5846,3,No,21,3,22,3,2,19,15,9,12,1
42,R&D,9,2,3,3,2,2,17651,9,No,15,3,5,5,3,39,6,9,10,0
53,HR,6,1,3,3,2,3,17276,1,Yes,13,3,23,1,2,6,2,3,11,0
44,HR,5,1,3,1,3,2,15633,0,No,15,3,23,2,3,10,1,10,2,0
54,R&D,12,5,2,3,2,3,14628,5,Yes,18,4,20,2,1,20,17,9,1,0
24,R&D,25,4,1,1,1,4,1569,3,Yes,18,3,30,1,3,37,10,11,14,1
39,Sales,29,4,4,2,3,4,2973,9,No,24,3,29,2,4,18,0,6,4,0
46,HR,28,5,3,4,2,1,3822,6,Yes,12,3,33,5,4,14,15,13,6,1
52,Marketing,11,4,3,3,1,4,1270,5,Yes,16,3,17,0,2,5,16,12,3,0
24,R&D,25,1,1,3,5,4,17320,4,No,14,3,11,4,1,9,15,4,4,0
45,R&D,1,1,3,3,2,3,8641,9,No,19,3,34,2,1,15,9,12,15,0
53,IT,11,2,4,2,1,1,9930,1,No,20,3,6,2,2,10,16,2,14,0
43,Marketing,19,5,2,1,4,2,7680,4,Yes,12,3,39,1,4,34,2,9,15,1
44,Marketing,9,3,3,2,4,1,2257,8,Yes,18,3,24,0,3,7,17,7,3,0
23,R&D,27,3,4,4,1,4,9250,8,No,11,3,5,1,2,27,13,1,5,0
48,Sales,2,2,3,2,3,2,6370,1,Yes,21,4,0,5,3,2,1,0,2,1
23,IT,12,2,1,4,3,1,5858,6,No,16,3,15,1,3,1,11,4,4,1
47,Marketing,4,4,3,3,2,1,9581,9,Yes,21,3,3,2,1,13,10,10,1,1
38,R&D,4,2,3,4,4,1,14491,3,No,21,4,28,0,4,28,16,3,15,0
54,Marketing,18,2,2,4,3,1,13436,2,No,24,3,37,5,3,2,5,10,5,0
30,IT,15,3,1,1,3,3,13870,0,No,22,3,27,2,4,0,12,9,14,0
50,IT,19,4,1,4,4,1,17504,2,Yes,20,3,21,5,1,14,6,14,5,1
47,HR,13,2,2,4,5,4,7908,8,No,23,4,7,2,2,19,10,6,12,0
56,R&D,19,2,3,2,3,4,11844,8,Yes,11,3,31,2,2,21,6,14,12,1
46,IT,17,4,4,3,1,3,19687,6,No,12,4,32,2,1,33,12,12,0,1
45,HR,6,5,1,2,2,2,5861,2,No,13,3,12,4,1,32,12,8,15,1
34,HR,16,4,1,2,3,2,3911,2,Yes,19,3,26,3,3,8,0,5,3,1
28,Marketing,24,3,3,3,3,4,9991,3,No,15,3,17,0,1,2,14,10,16,0
57,Marketing,12,5,3,3,5,4,12572,6,No,20,3,17,4,2,1,13,0,15,1
41,HR,19,1,1,4,1,3,11298,6,No,20,3,12,3,4,3,2,14,0,1
22,Marketing,5,4,3,4,2,2,8236,1,No,22,3,21,5,4,15,3,7,5,1
29,IT,17,3,4,1,3,2,6565,4,No,12,3,13,3,4,32,6,1,10,0
37,Sales,26,5,1,2,2,1,18493,6,No,20,3,10,3,4,8,0,3,5,1
35,IT,23,4,4,3,4,1,7929,6,No,15,3,38,4,1,39,2,2,16,0
33,HR,26,2,4,4,3,1,18634,5,No,15,3,21,0,1,37,14,5,3,1
44,HR,29,4,3,3,3,3,19033,9,Yes,11,3,35,1,4,17,12,1,13,1
36,IT,1,1,4,4,4,4,8351,9,No,13,3,16,3,1,15,13,4,13,1
49,Marketing,28,4,3,1,5,3,15901,7,No,15,3,31,1,3,7,6,10,7,1
55,Marketing,27,5,2,1,3,2,11638,2,No,19,4,13,1,1,22,0,8,1,1
23,HR,25,5,3,3,2,4,6828,0,No,20,3,28,2,3,35,12,14,4,0
53,R&D,24,4,4,1,1,1,12556,2,No,11,3,5,1,3,2,3,2,3,0
44,Marketing,23,5,2,3,2,3,19099,1,No,18,3,3,5,1,14,11,1,9,0
43,IT,10,2,3,4,5,3,9150,1,No,11,3,10,5,4,37,6,1,2,0
46,Marketing,15,4,4,2,1,1,11107,1,Yes,19,3,39,2,3,32,1,14,15,0
43,IT,23,2,1,1,2,3,2757,4,No,16,3,9,0,1,17,16,8,9,1
43,HR,21,2,1,4,2,1,19193,0,Yes,11,4,27,0,2,22,0,5,14,1
27,Marketing,21,3,3,2,4,2,12199,9,Yes,18,3,10,5,4,2,13,1,3,0
36,IT,11,4,3,2,5,4,17295,3,No,15,3,34,2,2,29,0,2,0,1
58,HR,13,5,1,2,4,2,13807,9,No,17,3,14,0,3,16,2,14,14,1
54,R&D,5,2,4,4,1,2,18535,4,No,17,3,7,3,2,31,10,13,9,1
29,IT,1,3,4,4,4,1,6492,1,No,17,3,19,0,1,6,6,0,15,0
26,R&D,24,4,4,3,5,3,7302,4,No,16,3,20,2,4,38,8,1,8,1
25,R&D,12,4,3,2,3,2,16929,9,No,21,3,0,5,3,13,2,14,16,0
27,Sales,11,1,2,2,3,2,5747,3,No,18,3,28,3,1,14,0,1,9,1
53,Marketing,17,1,2,2,1,2,15238,7,Yes,19,3,23,1,4,11,1,10,7,0
51,IT,4,2,2,3,3,3,9402,0,Yes,22,3,29,1,3,7,4,1,4,1
56,R&D,15,1,2,2,4,3,11686,4,No,12,3,39,1,3,15,16,6,1,0
37,Sales,25,2,2,4,1,1,5681,9,No,17,3,34,5,3,33,4,2,14,1
34,HR,9,5,3,2,5,2,19891,0,No,12,3,32,2,3,23,13,12,16,1
51,IT,21,2,3,1,1,4,4428,9,No,16,3,19,1,2,28,9,14,9,1
40,R&D,20,1,2,4,1,3,8494,9,No,12,3,15,0,2,15,6,13,1,0
38,Marketing,19,5,3,3,2,1,4955,3,Yes,20,3,8,1,2,4,7,10,8,1
40,Sales,19,1,3,2,2,2,15026,7,Yes,16,4,30,4,3,4,7,3,1,0
49,R&D,12,2,2,1,1,4,10244,0,No,12,3,16,5,2,29,6,1,11,1
47,Marketing,5,3,4,3,3,3,1713,1,No,11,3,30,4,4,4,12,4,14,0
58,R&D,10,4,3,3,2,4,12080,0,Yes,17,3,22,1,3,12,13,13,5,0
47,IT,17,1,4,4,5,3,9521,6,No,13,3,5,1,4,34,10,8,12,0
44,IT,5,2,3,3,4,1,2746,1,No,24,3,29,4,4,24,1,11,3,1
30,IT,22,5,3,3,2,4,18591,0,No,22,3,6,5,2,13,16,8,11,0
33,Sales,16,1,2,3,1,2,18168,5,Yes,24,3,39,5,3,25,5,6,8,0
22,IT,7,1,3,3,3,2,3696,5,No,23,3,10,1,2,17,8,11,1,1
22,Marketing,28,4,1,2,4,3,13012,9,Yes,14,3,33,5,2,19,4,7,15,0
55,R&D,9,2,1,2,2,2,15688,1,No,23,3,11,3,2,33,8,12,0,1
53,HR,3,3,2,2,3,4,6036,0,No,16,3,26,5,3,6,6,13,3,0
46,Marketing,15,5,4,2,3,1,8127,9,No,15,4,11,4,3,9,3,4,14,0
22,Marketing,16,2,4,1,3,3,4718,2,No,14,3,12,2,2,14,17,4,0,1
37,IT,18,5,4,2,1,4,8910,9,Yes,19,3,7,4,4,16,17,11,14,0
26,Sales,14,1,1,3,5,3,3693,4,Yes,16,3,15,0,4,10,16,2,2,1
43,R&D,3,4,4,2,3,1,18009,5,No,16,4,28,3,3,33,3,5,12,1
50,Sales,12,4,4,2,4,3,16858,2,Yes,12,4,34,2,1,26,15,0,12,0
24,R&D,9,3,2,4,2,2,16932,8,Yes,16,3,28,1,2,20,4,2,9,1
33,R&D,28,4,4,3,4,2,8692,4,No,17,3,30,0,2,30,8,10,6,1
47,Sales,7,1,1,2,1,3,7398,1,No,18,3,12,0,1,3,1,1,7,0
37,Marketing,9,3,1,2,1,1,8252,9,No,24,3,11,3,3,16,1,6,0,1
58,R&D,13,2,1,2,4,1,12721,5,Yes,18,4,1,2,4,19,3,8,11,1
43,Sales,18,4,2,1,5,2,18939,7,No,19,3,32,0,3,24,16,3,11,1
50,R&D,5,3,2,2,1,1,12825,5,No,20,3,7,2,4,39,2,6,8,0
35,HR,13,1,3,4,1,3,5187,3,No,21,3,39,2,4,22,4,7,1,0
49,Marketing,4,5,4,3,4,4,1036,5,Yes,23,3,31,5,3,14,9,9,13,1
26,IT,2,5,2,3,1,3,19171,7,No,22,3,37,0,2,32,5,1,3,1
51,R&D,16,1,1,2,5,2,7283,7,No,13,3,27,2,2,18,2,6,14,1
26,HR,9,1,1,2,5,2,16202,9,No,20,3,14,3,2,14,16,12,16,0
33,IT,9,5,2,2,5,2,9060,1,No,17,4,22,0,4,4,9,11,5,0
37,IT,6,3,2,3,2,1,9065,7,Yes,17,3,23,3,2,15,11,2,8,0
47,R&D,11,5,2,3,5,3,4880,5,Yes,11,3,12,3,4,31,0,7,16,0
47,Sales,22,1,3,1,5,4,6932,1,No,18,3,20,2,2,21,17,5,14,1
42,R&D,24,4,1,4,2,3,9328,0,No,14,3,11,2,3,31,3,2,4,1
57,HR,22,2,3,1,3,4,7333,5,No,15,3,12,5,1,12,14,7,3,1
54,IT,1,4,3,4,1,3,14870,6,No,24,3,38,5,4,37,8,10,1,0
51,R&D,4,4,4,1,5,2,12268,9,No,16,3,22,0,3,25,5,12,4,1
58,Sales,13,1,1,3,1,4,6067,4,No,13,3,27,5,4,16,11,2,3,0
44,R&D,23,5,1,1,4,3,16616,9,Yes,15,3,13,1,4,4,17,8,4,1
31,Marketing,13,3,2,4,1,1,13075,7,No,20,3,16,0,3,32,14,10,12,1
26,Sales,13,4,2,2,2,1,18045,8,Yes,15,3,23,3,2,26,8,2,15,1
57,HR,2,5,4,4,1,3,8973,3,Yes,11,4,33,5,4,4,12,0,11,0
55,IT,9,3,3,2,1,2,11002,6,No,13,3,21,5,1,36,15,12,8,0
52,R&D,24,4,2,3,1,4,8887,7,No,13,3,9,5,1,6,12,1,15,1
31,Sales,8,3,2,4,3,3,1414,5,No,11,3,7,2,3,17,0,3,13,1
40,Marketing,7,5,1,1,3,1,7850,1,No,23,3,20,3,1,30,17,12,0,1
53,Sales,4,2,1,4,4,4,3729,6,No,17,3,36,5,3,5,2,10,3,0
22,Marketing,18,5,2,2,2,1,12929,8,Yes,11,3,6,4,3,1,16,1,8,0
26,HR,3,1,1,3,1,1,15988,4,No,17,3,25,4,4,12,4,3,13,0
25,IT,28,3,4,1,1,3,4897,1,No,14,3,12,3,3,10,5,3,11,1
37,HR,6,2,2,4,1,1,3169,3,No,19,4,15,5,3,25,16,3,3,0
45,R&D,12,3,1,2,1,4,14563,2,Yes,17,3,29,1,2,20,16,0,6,1
37,Sales,12,3,4,1,3,2,19262,3,Yes,15,3,30,1,4,1,0,8,16,1
23,Marketing,21,4,1,3,4,3,13888,9,No,17,3,4,0,1,39,6,9,0,1
49,Marketing,28,1,1,1,5,4,5570,6,No,19,3,31,0,2,19,15,10,13,1
53,Sales,8,3,1,3,2,3,2515,9,No,20,4,15,5,2,16,4,6,14,0
48,Sales,22,5,2,1,1,1,17958,7,No,16,3,8,0,4,15,15,1,11,1
41,R&D,22,5,3,4,4,1,13634,0,No,11,3,21,2,4,4,3,2,11,1
45,HR,1,4,1,2,5,4,14798,7,No,16,3,39,1,2,13,10,12,5,0
33,Marketing,4,1,4,4,4,4,5477,4,No,11,3,36,3,4,23,13,7,12,0
56,R&D,21,1,2,4,3,2,17455,6,No,23,3,13,5,4,3,12,6,15,0
54,HR,28,5,2,3,5,4,10551,0,Yes,22,3,15,5,3,23,7,3,13,0
54,R&D,11,2,4,3,4,4,15179,1,No,14,4,19,4,4,8,14,3,6,1
58,Marketing,3,4,1,3,3,3,1039,0,No,24,3,14,1,3,2,17,8,15,0
33,Sales,13,4,3,4,4,1,11222,4,No,18,3,25,1,2,8,6,14,8,1
24,Sales,25,5,1,1,4,4,17116,5,Yes,15,3,8,1,2,17,8,4,13,1
22,HR,17,5,4,1,5,2,19284,9,No,15,3,0,0,1,35,10,13,6,1
54,IT,22,2,2,4,3,4,19601,8,No,23,3,34,2,4,18,9,12,11,0
31,HR,22,2,3,4,1,1,17049,7,No,20,3,19,3,2,23,13,10,2,0
50,IT,10,1,2,2,2,4,5796,6,Yes,21,3,5,0,3,3,15,4,13,1
34,R&D,21,4,4,3,5,3,5606,4,No,18,3,9,2,2,8,7,14,10,0
33,R&D,12,4,1,3,3,1,18667,2,No,18,3,32,1,4,32,0,6,4,0
52,Marketing,15,5,3,4,4,4,9775,8,No,11,4,15,2,1,0,11,0,12,1
23,IT,21,1,2,4,3,3,15864,4,Yes,23,3,35,0,1,34,2,2,9,1
56,Marketing,10,4,2,1,2,1,15193,2,No,23,3,5,1,2,9,1,1,6,1
44,Sales,14,1,2,4,2,4,15676,2,Yes,15,3,18,0,1,11,15,10,16,0
38,IT,13,1,1,1,1,3,11457,2,Yes,22,3,30,3,4,17,3,9,15,0
47,HR,5,5,3,4,1,2,18199,5,No,15,3,1,1,4,13,1,5,7,1
29,Sales,6,1,1,2,2,3,17044,0,No,18,3,17,2,1,9,11,10,16,1
50,Sales,24,2,1,2,5,2,16066,3,No,11,3,27,0,3,9,16,11,12,0
47,HR,2,2,1,1,5,4,19895,7,No,17,3,3,4,1,17,9,5,10,0
31,Sales,22,3,4,3,4,3,1246,2,No,17,3,0,2,1,23,7,9,4,1
47,IT,17,5,4,2,1,2,7516,4,No,23,3,15,2,2,0,17,0,5,1
55,Marketing,4,3,4,1,4,1,17800,1,Yes,19,3,1,1,3,29,17,13,13,1
28,Sales,14,2,3,4,1,3,14342,1,No,12,4,35,5,1,14,17,13,11,1
25,IT,10,3,1,4,2,4,17491,6,No,13,3,0,2,2,7,1,5,3,1
32,R&D,3,5,1,1,5,1,10030,9,No,14,4,38,0,2,34,11,9,6,0
50,IT,25,5,4,3,5,2,2421,2,No,11,4,22,4,2,17,9,1,10,1
57,Marketing,3,1,1,1,2,3,13970,4,No,17,3,25,3,4,15,7,10,1,0
46,IT,15,4,1,1,4,3,8283,2,No,24,3,10,4,2,20,9,3,3,0
42,HR,6,1,2,2,4,4,16945,5,Yes,20,4,0,0,2,14,10,5,6,0
57,Marketing,17,5,1,1,3,1,1255,9,Yes,13,3,10,1,4,4,13,2,0,0
31,R&D,12,2,2,1,1,3,12019,2,No,13,3,23,0,4,6,14,2,14,0
58,HR,22,2,1,4,4,3,16487,7,No,13,3,9,5,2,6,9,11,7,1
30,IT,20,1,3,2,2,1,10029,1,Yes,18,3,13,5,1,26,3,2,4,0
45,Marketing,24,5,4,4,4,3,3282,2,Yes,19,3,13,5,3,24,6,3,13,0
56,R&D,29,2,2,4,5,1,9744,7,No,20,3,6,2,4,21,10,8,2,0
56,HR,11,5,4,3,1,1,18861,7,No,23,3,22,1,3,12,2,3,1,1
57,R&D,25,2,2,3,3,1,10919,0,Yes,24,3,21,5,4,16,4,12,15,1
39,IT,4,5,2,2,1,4,14335,7,Yes,12,3,35,3,2,12,1,3,13,0
53,R&D,26,3,2,2,5,1,1591,9,No,20,3,26,3,4,25,11,3,15,1
45,Sales,28,5,3,3,5,1,7277,1,No,20,4,1,0,2,8,4,6,10,1
44,HR,26,5,1,3,5,2,3260,6,Yes,11,3,38,5,3,4,6,4,16,0
53,R&D,6,1,2,3,5,2,12139,5,Yes,24,3,18,2,1,38,3,11,2,1
58,IT,1,3,3,3,2,4,1347,1,No,19,4,6,3,2,32,10,1,4,0
33,IT,20,4,2,3,3,1,5443,4,No,16,3,11,4,3,3,8,6,2,0
34,R&D,23,1,1,4,5,2,12088,6,No,24,3,2,1,3,27,3,2,14,1
44,IT,28,4,2,2,5,2,9774,7,No,19,4,4,4,4,25,8,10,4,0
46,Marketing,16,2,3,4,4,3,7869,2,Yes,16,4,7,3,2,3,11,0,2,0
56,Marketing,15,4,1,4,3,1,3845,0,No,12,3,13,3,3,15,15,8,5,1
51,Marketing,17,5,3,1,1,2,13386,6,No,11,3,35,0,1,36,0,4,13,1
38,Sales,8,4,1,4,3,4,2265,4,Yes,24,4,6,0,4,21,7,9,1,1
41,R&D,28,1,1,3,3,3,13445,4,No,18,3,6,5,4,35,0,0,5,0
46,Sales,26,1,4,3,3,3,13938,6,No,13,3,31,1,3,37,3,10,4,0
43,IT,12,4,4,1,5,1,12159,0,Yes,11,3,7,5,2,34,13,0,13,0
34,Sales,27,1,4,1,5,1,3274,7,Yes,18,3,11,0,4,24,13,0,16,1
40,IT,22,1,1,1,2,3,19854,9,Yes,22,3,9,2,2,7,8,11,10,0
57,IT,21,4,2,1,1,4,11482,4,Yes,11,3,13,1,3,16,8,8,0,0
33,HR,10,3,3,1,4,1,19961,7,No,18,3,8,2,3,17,16,12,9,0
40,Marketing,27,3,3,4,3,1,2068,9,No,11,3,37,5,2,11,14,7,8,0
33,IT,15,2,3,1,1,3,15706,9,No,19,3,29,0,1,32,9,10,11,0
30,HR,9,1,4,4,1,3,6974,4,Yes,24,3,4,1,4,22,16,12,0,1
28,Marketing,2,4,1,2,2,1,11928,6,No,19,3,0,5,3,11,8,14,11,1
49,IT,5,1,4,1,4,2,2950,9,No,22,4,0,3,1,10,3,12,1,1
35,IT,6,5,2,1,3,1,11411,2,No,23,3,19,5,1,12,13,5,0,0
52,Sales,7,1,1,4,4,2,14388,1,Yes,19,3,10,4,2,34,2,9,0,1
40,Sales,21,1,3,2,2,3,18771,5,Yes,13,3,25,3,2,26,11,14,0,0
37,Marketing,25,3,4,4,5,2,5274,4,No,14,3,2,2,2,24,0,14,11,1
26,IT,1,4,4,4,1,4,3285,8,No,15,4,5,3,1,39,0,5,6,0
56,R&D,23,1,2,1,3,3,8045,9,No,16,3,10,5,4,2,12,5,3,0
33,Sales,26,3,2,3,5,1,2618,3,No,19,3,7,3,2,24,13,3,3,1
46,Marketing,7,2,4,3,2,1,11979,2,No,23,3,28,4,4,9,15,4,14,1
42,IT,20,3,2,4,4,3,9562,8,No,21,3,9,5,2,16,6,9,0,0
57,IT,25,3,3,1,1,3,13026,7,No,22,3,33,4,1,2,9,2,5,0
44,R&D,12,3,2,2,3,4,8843,5,No,14,3,23,3,4,21,14,2,13,0
37,Marketing,16,1,2,3,5,3,10895,0,No,24,4,16,4,4,37,7,9,13,0
35,IT,16,1,4,2,5,1,12966,9,Yes,24,3,31,3,1,13,10,6,9,0
52,Sales,11,2,4,3,1,4,18732,0,No,16,3,10,1,4,26,13,4,6,0
26,R&D,21,5,1,1,4,1,6289,5,Yes,23,3,33,3,1,19,12,7,11,1
56,Marketing,4,5,1,4,2,2,19806,2,Yes,11,3,23,0,1,17,12,4,8,1
44,R&D,13,5,4,2,4,3,19812,2,No,12,3,4,4,3,12,8,11,2,0
50,Sales,7,2,2,2,4,2,4033,5,No,18,3,28,4,2,5,16,3,3,0
32,Marketing,4,5,2,4,4,1,9860,2,Yes,14,3,33,2,3,9,17,13,12,1
39,R&D,15,5,1,2,1,2,8813,9,No,20,3,15,2,1,36,12,2,9,0
33,HR,19,3,1,3,1,2,18798,5,No,17,3,24,0,1,28,11,11,13,1
30,Sales,9,1,1,4,2,1,14860,4,No,14,3,36,4,4,5,7,1,5,0
31,Sales,11,1,3,3,4,1,15294,3,No,24,3,7,4,1,38,10,2,7,1
38,Sales,8,3,3,3,1,3,4621,7,No,19,3,28,2,1,10,6,6,9,0
59,HR,1,3,1,1,2,2,18138,1,No,19,3,24,2,1,24,0,7,4,0
28,HR,23,3,2,3,2,4,3347,6,No,14,3,22,3,2,29,9,14,4,1
34,IT,25,1,1,1,4,4,15882,3,No,23,3,33,5,3,19,14,4,4,0
30,R&D,24,5,3,2,3,1,18110,1,Yes,18,3,2,4,3,36,3,10,8,0
48,IT,8,3,2,2,4,1,5923,6,No,16,3,29,4,2,15,0,0,8,0
23,R&D,13,2,3,1,3,2,16611,0,Yes,11,3,33,3,2,30,10,2,14,1
26,HR,22,3,2,3,2,1,16367,3,No,17,3,31,4,2,28,4,3,8,0
50,HR,27,4,3,4,1,4,10066,8,Yes,11,4,28,0,3,5,3,9,13,0
58,IT,4,3,2,4,5,3,4279,3,No,13,3,8,2,3,28,1,12,5,0
59,Marketing,8,1,2,1,2,3,4807,2,No,18,3,1,2,1,31,6,12,7,0
40,IT,3,3,2,2,1,2,14965,9,Yes,19,3,38,5,3,8,12,11,1,0
29,R&D,29,4,2,2,2,3,17123,9,No,13,3,6,2,4,36,11,3,4,0
22,IT,9,2,4,4,4,1,17991,1,Yes,11,3,4,1,3,22,1,11,16,0
43,Sales,29,5,3,1,3,1,1634,2,No,11,3,7,0,2,15,8,0,9,1
38,R&D,2,3,3,4,2,1,13771,0,No,17,3,31,0,3,17,15,9,13,1
28,R&D,2,4,4,3,1,1,18458,9,No,15,3,17,3,1,18,7,8,0,0
46,Marketing,28,4,2,3,4,2,19298,7,No,23,3,37,1,3,1,17,11,1,0
25,HR,13,2,2,1,5,3,15340,0,Yes,24,3,17,4,2,9,3,9,3,0
57,R&D,15,1,3,1,4,4,1588,2,No,11,3,15,5,4,11,10,14,12,0
27,HR,28,3,4,3,3,3,4231,2,No,16,4,20,0,2,17,16,14,15,0
52,IT,23,4,2,2,4,1,7351,1,No,24,4,9,1,4,18,7,3,4,0
40,Sales,12,2,2,1,5,4,4838,4,No,16,3,3,1,1,37,7,1,9,1
48,Marketing,26,5,2,3,1,2,2973,9,No,24,4,7,0,1,36,5,12,16,0
31,HR,4,4,1,3,2,1,15346,2,No,14,3,18,3,3,26,1,8,10,0
47,R&D,26,2,4,2,3,1,6044,2,Yes,17,3,39,1,1,13,14,13,4,1
40,HR,8,1,2,2,5,4,11247,7,No,17,3,39,2,1,33,0,3,14,0
24,R&D,9,1,1,2,3,2,12672,3,Yes,22,3,8,1,2,1,5,3,3,1
34,HR,23,4,4,2,4,4,11271,3,No,19,3,29,4,2,32,3,10,6,0
49,R&D,5,4,2,4,3,2,7683,2,Yes,22,4,16,0,3,18,12,5,9,0
41,IT,24,3,3,2,5,1,12244,0,No,11,3,39,4,3,26,14,7,3,0
49,R&D,20,2,1,4,2,3,7783,7,Yes,15,3,14,3,3,29,8,4,4,0
29,R&D,18,4,1,1,2,1,6594,0,No,20,3,3,5,3,6,2,11,4,0
22,Sales,11,3,2,3,3,3,4822,6,No,13,3,5,2,2,26,1,7,10,1
24,R&D,15,3,2,4,1,3,4389,4,No,17,3,15,0,3,20,15,0,4,0
34,Sales,28,4,1,1,3,2,6914,3,No,14,3,25,1,3,6,17,12,7,0
49,Marketing,22,1,3,1,4,4,19164,3,No,14,3,36,2,1,24,17,3,6,1
46,Sales,9,2,3,4,2,2,4688,7,No,23,4,22,1,3,37,5,0,7,1
54,IT,17,2,4,1,2,1,15683,5,No,22,4,12,3,4,17,17,2,12,1
59,Sales,27,1,2,1,2,4,14080,0,No,11,3,16,5,1,32,10,10,4,0
27,Marketing,26,4,3,4,1,3,10916,9,No,11,3,26,0,2,32,6,6,8,0
53,IT,12,2,4,1,1,3,6037,7,No,20,3,21,3,4,31,13,0,1,0
42,HR,7,4,3,2,5,1,14453,1,Yes,12,3,36,3,3,24,17,4,15,0
37,HR,10,4,2,2,3,4,9640,5,No,12,3,18,5,1,13,6,0,13,0
42,Sales,25,3,4,3,3,1,1081,8,Yes,11,3,38,3,3,37,9,5,16,0
32,Sales,26,1,4,1,4,1,7278,0,No,18,3,34,3,1,37,7,8,5,1
58,Marketing,25,4,4,3,2,2,17078,5,No,16,3,12,1,3,3,13,2,2,0
57,Marketing,10,5,3,2,1,1,16536,7,No,16,3,13,4,4,17,17,10,16,0
56,R&D,27,1,2,2,4,4,18790,9,Yes,20,4,30,1,2,9,4,10,12,0
40,Marketing,13,2,4,2,4,1,8410,1,Yes,20,3,1,5,4,34,13,13,5,1
41,R&D,19,3,1,1,1,4,16926,4,No,19,4,38,2,4,34,9,11,7,0
39,IT,11,2,2,1,3,3,16500,5,No,15,3,36,5,2,39,14,14,5,0
35,Sales,13,2,1,2,2,1,2480,4,No,14,3,13,5,1,22,5,5,15,0
36,IT,21,1,1,3,3,4,10271,2,No,21,3,8,5,1,24,8,3,5,0
52,Marketing,8,2,4,3,4,3,4598,3,No,16,3,9,5,2,0,9,5,16,1
22,IT,8,4,4,4,2,4,16032,6,Yes,18,3,6,3,3,17,16,1,2,1
24,IT,4,2,3,2,5,3,8993,3,No,24,3,27,5,1,14,0,3,11,0
37,IT,15,3,3,3,4,2,11895,8,Yes,11,3,24,2,4,24,13,12,5,1
44,Marketing,28,3,3,2,3,1,16367,9,No,17,3,27,5,2,31,3,12,6,1
32,IT,11,5,2,3,3,1,8644,1,Yes,18,4,1,1,4,19,1,6,10,1
33,R&D,11,3,3,4,3,3,12948,4,No,19,3,16,3,1,16,2,10,8,1
31,Marketing,1,2,1,4,1,2,19142,7,Yes,21,3,3,1,2,10,6,5,15,1
53,IT,17,3,3,2,4,4,3599,4,No,18,3,12,3,2,12,13,8,4,1
37,Marketing,15,1,4,3,2,2,6813,9,Yes,17,3,17,1,1,24,11,10,14,0
29,HR,20,3,3,1,3,4,4853,7,No,13,4,2,0,1,19,17,6,3,0
59,R&D,6,4,2,4,3,4,19676,7,No,12,3,36,4,2,24,14,0,4,1
33,IT,24,1,2,2,1,1,2501,8,Yes,13,3,32,4,3,30,0,5,6,1
45,HR,22,5,1,2,2,3,9422,9,No,14,3,23,3,2,0,2,10,2,0
49,HR,28,4,2,3,4,1,8550,5,No,14,3,7,0,3,15,14,2,3,1
29,Marketing,25,2,3,2,5,1,5250,3,Yes,16,3,34,2,4,27,3,7,14,1
49,HR,15,2,4,4,1,1,7991,2,Yes,22,3,1,0,3,20,14,12,1,1
57,R&D,9,2,2,2,4,4,17498,4,No,17,4,32,3,3,29,9,0,4,0
47,R&D,14,4,1,2,5,1,5406,5,Yes,22,4,11,0,1,2,5,9,6,0
29,Sales,18,4,3,1,3,4,19731,2,Yes,14,3,21,2,2,33,12,1,16,0
49,R&D,26,4,1,1,3,3,2041,1,Yes,20,3,12,3,4,5,6,2,7,1
49,HR,17,1,2,4,2,4,7927,6,No,16,3,9,4,2,28,0,13,8,1
58,R&D,18,1,2,3,5,4,17395,4,No,19,3,16,5,3,2,10,2,9,0
57,Marketing,5,2,1,1,3,2,8871,8,Yes,24,3,4,0,3,32,13,6,10,1
48,Sales,20,3,3,3,3,1,7375,2,No,16,3,8,4,3,10,5,12,0,0
38,HR,20,2,2,4,2,1,4676,7,No,24,4,12,4,2,4,4,7,14,1
30,Sales,9,5,4,1,4,1,14017,5,Yes,13,3,22,1,3,31,12,14,7,0
54,HR,11,1,2,3,3,1,4065,3,Yes,11,3,29,2,2,17,6,8,11,0
41,Marketing,24,4,3,1,1,2,3036,8,No,21,3,3,5,4,19,7,6,5,0
34,Sales,22,1,2,4,1,2,4046,4,No,20,3,20,0,4,38,13,7,9,1
49,IT,1,4,1,4,4,2,17924,9,No,20,3,8,4,2,39,11,10,4,0
50,HR,18,5,2,1,5,2,1076,5,No,23,3,6,4,4,27,8,14,6,0
34,IT,6,5,2,3,2,1,16880,8,No,15,3,15,2,1,12,13,5,6,1
56,Sales,27,1,3,2,1,4,17407,6,Yes,20,3,22,5,3,25,5,1,8,1
27,IT,2,4,1,2,1,3,18059,4,No,20,3,22,5,3,15,14,0,14,0
39,IT,15,5,3,1,4,2,5267,1,No,13,3,30,4,3,24,12,2,5,1
26,Sales,29,2,2,3,5,4,6988,3,No,18,3,4,4,1,9,6,8,15,1
46,Marketing,26,2,4,2,5,2,9680,1,No,20,3,5,4,3,28,10,12,6,1
23,IT,21,4,2,4,4,1,2485,2,Yes,11,3,0,4,2,37,9,6,14,1
31,IT,14,1,3,3,1,1,15713,9,No,21,4,27,1,3,19,0,1,1,1
51,Marketing,5,5,4,2,2,4,3419,2,No,12,3,17,1,2,25,6,13,7,1
26,IT,6,1,3,3,1,4,16312,3,No,13,4,23,5,4,31,17,0,11,0
54,IT,6,2,3,1,5,4,4495,5,Yes,13,3,12,3,2,38,2,1,10,1
22,IT,22,5,1,3,1,1,18140,2,No,22,3,32,0,2,37,8,14,5,0
39,R&D,18,1,4,2,2,1,11716,9,Yes,18,3,9,2,2,23,4,2,12,0
53,Marketing,14,3,2,1,3,3,13442,0,Yes,15,3,6,3,3,30,12,13,15,1
32,IT,10,4,3,3,1,4,19163,0,Yes,18,3,36,1,1,39,15,5,7,0
42,Marketing,14,4,2,4,4,3,13961,8,No,21,3,31,1,1,11,15,11,16,0
47,HR,13,3,1,2,3,2,11307,8,Yes,24,3,21,1,2,35,11,8,12,1
46,HR,3,2,1,1,4,3,7487,4,No,21,3,15,3,3,9,17,7,3,0
43,IT,6,5,4,3,4,2,10664,8,Yes,16,3,23,1,1,5,10,9,9,0
48,Marketing,29,4,1,4,4,2,17360,6,Yes,22,3,13,3,4,6,16,8,15,1
34,Marketing,8,3,1,2,1,3,17642,8,No,12,3,10,1,4,30,6,10,16,0
54,Marketing,12,3,2,4,5,4,5075,6,Yes,21,3,18,4,3,26,14,10,7,1
55,R&D,13,2,1,3,3,2,18502,8,No,14,3,22,4,4,7,5,7,10,1
56,HR,11,2,1,3,2,4,16285,1,No,19,3,33,0,4,2,5,6,4,0
22,Marketing,12,1,3,1,5,1,8631,7,No,14,3,39,1,4,39,17,5,15,0
42,Marketing,1,4,1,4,1,2,4017,6,No,15,3,12,0,1,20,1,7,7,0
27,R&D,17,1,3,1,4,1,19042,5,No,15,3,38,3,4,0,2,5,15,0
49,R&D,16,3,1,2,2,3,19181,4,No,20,3,27,0,2,14,13,1,3,1
38,Marketing,11,5,1,1,3,4,1784,3,Yes,18,3,39,1,2,6,3,12,5,1
26,Sales,13,5,4,2,5,3,6691,6,No,16,3,15,3,4,14,16,8,7,0
52,Marketing,18,2,4,3,5,2,16765,2,No,20,3,27,3,2,24,5,8,8,1
26,Marketing,11,5,3,3,2,1,4196,7,Yes,17,4,3,4,1,2,8,2,12,1
59,R&D,28,5,1,4,1,2,10552,1,Yes,16,3,27,3,3,29,3,8,16,0
24,R&D,12,5,2,2,3,3,9532,0,Yes,24,3,11,3,2,13,6,1,8,1
44,Marketing,6,3,4,3,2,4,17946,1,No,24,3,15,0,4,3,3,11,12,0
58,Marketing,9,5,2,4,4,4,5746,8,No,24,3,35,5,3,35,10,13,8,0
58,Marketing,16,5,4,4,3,2,3999,4,No,15,3,19,3,3,2,1,2,5,0
31,R&D,4,5,4,1,5,2,18577,7,No,15,3,25,2,4,4,9,13,9,0
31,Marketing,3,1,1,4,2,1,12302,2,No,13,3,25,5,2,24,5,5,4,0
40,Marketing,28,3,4,3,5,3,17452,6,No,17,3,21,4,1,30,7,13,6,1
38,IT,16,2,2,1,5,2,16595,1,Yes,23,3,8,4,2,10,14,3,10,1
42,Sales,24,1,4,2,5,1,19812,7,No,20,3,4,3,2,7,12,7,8,1
35,HR,27,4,3,2,1,2,7200,6,No,15,3,16,0,1,25,1,0,9,1
30,Sales,26,3,1,3,5,4,6396,4,No,17,3,33,5,3,1,0,12,10,1
22,IT,25,3,1,3,4,1,14410,3,No,12,3,1,4,1,27,14,5,2,0
34,HR,12,4,3,1,4,1,14203,0,No,19,3,6,4,1,9,6,1,7,0
25,Marketing,11,4,3,1,3,2,4598,4,Yes,18,3,35,2,4,38,17,5,16,1
22,IT,5,4,3,3,5,3,11564,8,No,15,3,12,3,4,36,9,13,6,1
53,Marketing,25,2,4,3,5,4,13748,9,No,12,3,19,5,2,38,14,0,11,1
55,R&D,18,5,1,2,2,3,17957,3,No,16,3,29,4,4,20,4,14,15,0
49,IT,19,3,3,2,1,1,8636,8,Yes,18,3,29,4,1,27,10,1,14,0
52,R&D,23,5,4,2,3,3,18862,1,Yes,17,3,10,4,1,37,7,8,12,0
29,IT,23,5,3,3,5,1,11265,3,No,18,3,30,4,4,32,7,5,4,1
47,IT,6,4,2,4,2,3,10705,8,Yes,14,3,2,0,4,10,5,7,13,0
55,R&D,22,2,2,3,1,2,15298,3,Yes,24,3,1,1,4,0,14,6,10,1
24,HR,18,1,1,3,3,3,19580,4,No,13,3,2,2,1,32,14,8,2,1
33,Sales,26,2,4,2,3,1,10703,7,No,17,3,14,0,3,2,4,8,16,0
22,Marketing,6,5,2,3,5,4,14336,0,No,12,3,16,2,3,25,12,10,11,0
26,IT,4,2,2,1,3,4,9166,0,No,24,3,6,4,4,14,13,3,2,1
51,Marketing,12,4,4,3,2,4,17116,8,No,15,3,4,2,2,13,10,6,1,1
51,R&D,19,1,3,3,3,1,7050,8,Yes,23,3,33,3,2,22,11,4,3,0
38,Marketing,29,4,4,3,4,3,12184,3,No,17,3,32,3,3,7,0,6,13,1
44,R&D,27,1,3,3,2,4,13712,1,No,11,3,15,1,4,35,2,3,7,0
36,Marketing,29,5,2,4,1,4,9484,8,No,14,3,36,1,1,19,7,11,1,0
58,Sales,2,1,2,3,1,4,3593,3,No,12,3,2,2,2,5,11,9,9,0
42,Sales,17,1,2,1,5,2,11315,5,No,16,3,20,0,2,32,14,10,4,0
35,Sales,11,1,1,1,5,1,16200,0,No,22,3,7,0,1,27,2,10,10,0
23,Sales,11,2,1,3,4,1,10107,8,Yes,11,3,21,4,1,37,7,0,8,1
32,Sales,21,2,1,2,1,1,4869,4,No,17,3,4,0,4,29,5,3,15,0
59,Sales,16,5,4,4,1,1,16447,2,No,13,3,16,1,1,16,17,14,4,1
55,R&D,2,1,2,3,1,1,8971,3,No,22,3,36,0,1,8,10,12,14,1
59,IT,2,3,2,3,1,2,3989,0,No,11,4,13,4,1,27,11,9,13,0
55,Marketing,23,5,4,3,3,3,6340,8,Yes,18,3,38,3,3,6,1,14,8,1
39,Sales,8,1,1,2,2,2,10643,7,No,17,3,27,0,1,27,4,2,4,0
51,R&D,13,1,4,2,2,4,4823,3,No,12,3,30,0,2,16,3,8,14,0
36,R&D,10,2,1,2,4,2,14454,1,No,17,3,16,1,4,39,8,4,8,1
48,R&D,8,5,2,4,3,1,4932,8,Yes,13,4,34,2,4,4,12,3,3,1
55,IT,4,1,3,1,1,2,11220,3,No,23,3,39,3,4,4,12,7,3,1
59,Marketing,15,1,1,4,1,1,9554,8,No,19,3,21,2,3,13,14,14,6,1
54,IT,1,5,2,2,5,2,3429,9,No,18,3,28,4,2,5,1,4,14,1
45,HR,11,3,2,1,5,1,8444,2,No,15,3,9,4,1,6,12,2,16,1
36,R&D,7,5,3,1,4,4,11510,6,No,17,4,17,2,2,16,6,1,6,0
51,HR,17,5,2,2,1,1,12277,6,No,13,4,34,1,4,8,16,14,9,0
38,Sales,27,3,2,2,4,2,11537,9,No,11,3,15,5,1,30,7,7,12,1
26,Sales,20,5,1,4,3,4,8147,3,No,11,3,6,1,4,21,17,11,1,0
50,IT,24,1,1,2,2,2,8631,1,No,21,3,29,5,4,8,14,1,10,0
25,Marketing,18,5,3,1,1,4,4598,8,No,12,3,18,5,4,15,14,13,4,1
31,HR,22,3,3,3,3,3,5329,3,No,18,3,22,1,2,35,4,7,5,0
38,Marketing,29,4,2,2,1,3,7718,7,No,11,3,7,5,2,33,1,4,2,0
31,IT,22,5,1,2,5,3,10923,1,Yes,21,4,16,5,4,12,15,7,0,0
38,Sales,12,2,3,4,4,2,14782,7,No,22,3,20,5,4,18,4,4,2,0
41,Marketing,9,1,3,4,5,2,17476,9,No,15,3,25,3,1,11,5,0,2,0
45,Marketing,5,1,4,2,2,4,1051,4,No,19,3,27,4,4,35,11,11,3,0
26,Sales,10,2,3,1,5,4,17702,6,Yes,22,4,38,5,4,9,4,12,6,0
55,HR,4,2,2,1,1,4,11184,6,Yes,19,3,32,4,4,15,7,10,14,0
27,Sales,5,5,1,3,5,4,13468,8,Yes,12,3,39,4,4,27,10,13,10,0
23,Marketing,28,2,3,2,1,1,16479,2,Yes,17,3,18,3,2,18,13,10,11,0
34,HR,28,4,4,4,2,3,8210,9,No,21,3,28,4,4,39,16,1,3,0
32,HR,10,3,1,1,5,1,13934,3,Yes,11,4,19,2,3,5,9,13,10,0
44,Sales,11,2,3,3,4,1,4956,9,Yes,13,3,19,0,4,3,1,5,5,0
37,Marketing,21,2,4,2,4,1,7057,3,Yes,16,3,9,3,2,29,2,2,14,0
52,IT,24,4,3,1,4,1,12210,9,No,19,3,11,0,3,38,12,7,2,0
32,Marketing,10,1,1,2,5,3,15590,4,No,20,3,32,2,3,30,16,4,16,0
37,R&D,28,1,1,2,5,1,14864,5,Yes,12,3,24,1,4,26,2,2,0,1
29,IT,8,5,1,1,5,4,2525,2,No,17,3,24,1,4,20,9,11,1,1
25,HR,2,4,2,1,1,2,14277,3,No,14,3,3,5,2,36,7,9,8,1
25,IT,23,3,3,1,2,4,8043,2,Yes,12,4,3,1,3,8,3,6,7,1
46,HR,8,3,2,2,4,2,18662,1,No,13,3,8,3,3,34,12,13,11,0
24,HR,16,4,1,2,1,4,9705,9,Yes,16,3,14,1,2,20,6,7,14,1
53,IT,27,3,4,3,4,4,7125,8,No,20,3,25,3,4,16,6,3,6,0
24,HR,22,1,3,4,1,2,8874,0,Yes,19,4,14,3,1,23,15,12,15,1
48,HR,5,3,2,2,5,3,13529,1,No,18,3,25,0,1,30,4,12,6,1
50,R&D,27,3,3,4,4,1,15955,7,Yes,20,3,27,1,3,5,16,10,11,0
53,Marketing,25,4,4,1,5,4,3500,6,No,24,3,6,4,3,34,9,8,16,1
40,Marketing,29,4,2,2,4,3,4464,0,No,21,3,31,1,4,36,3,5,10,0
42,R&D,3,3,1,3,3,1,19643,4,Yes,19,3,11,1,1,12,13,13,3,1
26,IT,12,2,2,3,1,3,16954,9,No,14,4,34,1,3,24,4,0,1,1
39,Sales,13,4,3,4,3,3,1255,5,No,22,4,31,5,4,31,1,4,1,0
49,Sales,13,5,3,1,1,1,2502,4,No,14,4,8,4,1,0,13,4,16,0
43,Sales,10,5,3,4,2,4,5656,3,Yes,19,3,13,4,2,34,17,6,8,0
42,R&D,4,1,3,1,4,3,11302,0,Yes,18,4,12,3,3,18,10,6,0,1
27,R&D,9,3,1,3,2,4,6430,6,No,22,4,32,4,2,11,15,5,9,1
22,HR,22,2,2,4,2,4,9598,8,No,12,4,31,3,1,39,17,14,14,0
26,Sales,24,1,1,3,1,4,16976,5,No,18,3,18,0,4,39,15,14,14,0
33,IT,23,3,1,3,3,1,2860,2,Yes,11,3,29,3,4,19,3,7,1,1
47,IT,27,4,1,1,5,2,7158,9,No,19,3,15,1,1,32,0,1,13,1
55,Sales,2,5,3,4,1,4,6806,3,No,19,4,11,2,2,28,13,13,3,0
35,Sales,19,2,3,4,5,2,18106,9,No,23,3,9,2,4,15,11,12,8,1
47,Sales,1,5,3,3,2,2,10474,4,No,18,3,1,5,3,13,9,12,1,0
48,R&D,25,4,2,3,5,3,17997,0,Yes,21,4,17,1,2,6,3,6,1,1
30,R&D,29,3,4,1,3,4,6790,4,Yes,15,3,12,3,2,5,2,9,16,0
47,R&D,7,4,3,2,1,4,11170,0,Yes,15,3,28,1,3,20,3,14,8,1
43,Marketing,17,4,2,2,3,4,10004,8,No,23,4,23,5,1,35,14,6,7,0
51,IT,3,5,3,3,3,2,10978,6,Yes,13,4,37,4,4,21,10,3,1,0
38,IT,20,2,3,2,1,1,17714,2,No,15,3,11,3,2,39,15,11,1,0
47,HR,20,4,1,2,3,2,19596,8,No,14,4,28,1,4,18,3,9,4,0
57,R&D,21,5,1,2,4,4,8232,1,No,11,3,21,4,4,24,5,1,11,1
22,Marketing,3,2,1,2,4,4,13674,6,No,19,3,35,5,2,2,7,3,15,0
29,Marketing,3,3,2,3,4,4,17052,8,Yes,20,3,0,4,1,35,12,3,13,1
56,IT,17,3,4,2,5,2,16774,5,No,24,3,39,3,2,33,3,11,1,0
36,R&D,7,1,4,2,3,4,6913,9,No,14,3,33,5,1,10,4,11,7,0
43,HR,27,5,2,1,1,3,15102,4,No,13,3,33,5,3,26,9,5,3,1
35,R&D,26,2,3,3,1,4,16389,6,No,16,4,32,5,1,1,4,13,8,1
47,Sales,14,4,2,4,5,1,11567,5,No,11,3,3,0,1,5,11,6,1,1
49,R&D,17,3,3,4,1,3,6611,4,No,15,4,37,5,2,1,0,2,15,0
44,Sales,18,2,2,1,4,4,10432,1,Yes,17,3,29,0,4,16,9,14,10,1
35,Sales,13,5,2,1,3,3,1319,7,No,12,3,19,4,4,39,4,9,7,1
45,HR,20,1,2,3,1,4,13686,6,Yes,20,4,25,0,1,13,11,0,11,0
23,IT,29,3,4,4,1,1,5791,5,No,19,4,14,4,1,9,15,2,2,1
47,R&D,20,2,1,2,2,4,1329,4,No,22,3,6,0,2,32,4,8,12,0
35,Sales,21,2,2,1,2,3,9851,4,No,16,3,6,4,1,11,16,0,1,0
28,R&D,27,2,4,4,2,1,12310,8,No,12,3,28,4,2,31,13,12,12,0
24,IT,18,5,1,3,3,2,11164,0,No,18,3,22,5,3,23,11,7,7,0
44,IT,4,5,1,2,4,1,19177,8,No,18,4,33,5,1,13,12,1,14,0
39,Marketing,1,5,2,3,4,1,6703,5,No,11,3,19,4,3,4,13,5,8,0
59,IT,18,4,3,1,4,1,11649,3,No,22,3,14,5,1,4,4,2,10,0
56,HR,1,2,3,4,3,3,13672,9,No,11,3,32,4,1,31,4,6,2,0
36,Sales,26,3,3,4,3,1,5155,6,Yes,11,3,16,5,3,32,17,1,6,1
46,Marketing,26,5,2,4,2,4,3611,8,No,22,3,19,2,3,3,13,3,13,0
58,HR,13,5,3,4,1,1,19977,4,Yes,14,3,12,0,2,29,17,9,14,0
49,R&D,20,2,4,2,5,1,17479,4,Yes,14,3,23,4,2,16,0,8,8,1
31,Sales,20,5,4,2,5,4,10180,7,No,18,3,36,1,3,2,6,5,10,1
38,IT,23,4,4,3,1,4,10304,6,No,11,3,6,5,1,12,16,3,6,0
43,Sales,10,4,4,2,2,2,15610,7,Yes,20,3,7,5,2,35,2,1,11,0
47,R&D,27,5,1,1,1,1,9437,9,Yes,13,3,22,3,1,17,9,9,12,1
46,Marketing,11,2,4,1,1,3,11350,1,Yes,21,4,13,1,4,22,6,13,10,0
38,Marketing,9,2,3,4,5,1,13521,8,No,11,3,3,1,2,34,11,8,0,0
34,Marketing,9,2,2,1,2,1,7560,2,Yes,19,3,20,2,2,32,14,14,5,1
41,IT,5,1,3,3,3,4,6247,5,Yes,20,4,9,0,2,35,15,3,1,1
46,HR,26,5,4,2,5,2,5077,5,Yes,22,3,21,2,4,16,7,8,12,1
25,HR,1,2,1,2,3,1,11858,1,No,19,3,29,0,3,38,5,13,12,0
31,Sales,17,4,4,2,2,3,12391,6,No,17,3,29,4,1,33,3,1,8,0
24,IT,22,3,2,1,1,1,11946,8,Yes,23,3,15,2,4,11,10,6,0,1
39,Marketing,2,3,3,2,4,3,16186,9,No,22,3,10,3,3,4,16,10,7,0
57,Marketing,24,2,2,4,4,4,2417,0,Yes,18,3,21,0,2,39,1,10,13,1
43,R&D,13,3,2,4,2,2,17494,7,No,11,3,28,2,3,26,5,4,15,1
55,R&D,9,3,2,4,4,1,9954,1,No,15,3,24,3,3,39,3,7,3,0
29,Marketing,29,1,3,1,3,2,14591,0,Yes,24,4,13,1,3,12,2,10,13,0
40,Marketing,4,4,4,2,4,1,8391,7,Yes,12,3,13,5,1,25,6,13,8,0
58,IT,5,4,2,1,2,3,12364,1,No,23,3,1,4,3,13,6,7,14,1
27,HR,11,1,3,2,2,2,11371,5,Yes,11,4,12,4,3,31,15,13,2,1
47,R&D,24,1,1,3,3,1,3504,5,No,13,3,2,1,3,10,1,13,3,1
55,HR,19,3,3,3,4,4,6239,4,No,17,3,29,2,3,37,7,3,13,1
27,IT,21,5,1,1,4,3,17676,7,Yes,11,4,17,5,4,15,14,12,14,1
58,Marketing,3,3,3,4,1,2,19118,2,No,21,3,35,1,4,21,15,3,7,0
54,HR,12,1,4,1,5,1,6120,9,No,12,3,20,3,3,15,0,14,9,1
43,Marketing,26,4,2,4,2,2,7393,3,No,12,4,18,5,3,12,9,7,11,1
42,Marketing,19,3,4,2,1,1,3196,6,Yes,14,3,15,0,3,11,6,2,8,1
27,Sales,19,5,3,4,2,3,4466,6,No,22,3,27,2,2,17,15,6,7,0
27,HR,13,3,2,4,1,4,2906,7,No,13,4,3,5,3,28,9,7,16,0
25,HR,28,2,1,2,5,3,19105,1,No,13,3,14,0,3,17,11,7,8,0
51,Marketing,7,3,3,3,1,2,12883,1,No,20,4,0,1,4,1,16,10,12,0
32,IT,15,1,2,2,2,2,16437,3,Yes,15,3,15,4,4,1,12,9,13,1
51,Sales,23,4,1,1,4,1,15497,9,No,13,3,19,5,4,2,11,3,4,0
52,Marketing,7,4,1,1,2,3,2816,8,No,21,3,32,5,1,28,14,8,8,1
45,R&D,26,1,4,1,3,1,11713,9,No,17,3,16,0,2,7,13,14,15,1
30,R&D,8,2,3,1,3,3,4849,8,No,15,3,4,0,3,10,13,9,6,0
24,Sales,5,1,1,1,3,2,7849,3,Yes,14,3,4,4,4,11,17,3,11,0
52,IT,21,3,2,3,3,1,2058,8,No,22,3,38,0,1,31,4,7,1,1
58,Marketing,14,1,1,3,5,1,12730,2,No,13,3,12,0,3,3,5,5,15,0
57,HR,4,1,1,4,4,3,19706,4,No,22,3,35,5,3,8,17,4,10,1
45,Sales,23,2,4,1,4,4,18332,9,No,14,3,29,4,4,23,13,14,1,0
52,IT,10,3,4,2,2,3,5359,8,No,24,4,3,4,3,15,3,3,13,0
27,HR,20,5,2,1,1,4,13809,5,No,22,3,22,5,3,16,0,4,3,0
23,R&D,15,5,4,3,2,3,6660,2,No,12,3,20,1,3,21,12,14,6,0
41,R&D,18,4,1,1,2,2,8254,9,No,11,4,20,1,4,6,10,12,1,1
49,HR,20,1,1,3,2,1,13822,8,Yes,13,3,5,5,1,9,2,14,13,0
32,Sales,13,4,4,4,2,3,3093,5,No,21,3,23,0,3,28,16,10,6,0
25,R&D,29,2,1,4,4,2,12730,3,No,12,3,30,2,1,35,17,0,8,0
36,Marketing,8,5,1,4,1,3,18947,3,No,11,4,18,1,3,23,9,6,7,1
27,HR,9,1,2,3,2,1,9217,7,No,11,3,37,1,4,13,15,7,8,0
51,HR,16,2,4,1,4,3,17558,6,No,12,3,11,5,1,13,12,11,6,0
59,R&D,19,2,1,1,2,4,18718,0,Yes,23,4,13,5,4,24,11,8,16,1
23,Sales,16,1,4,2,3,1,17705,5,No,23,4,11,2,2,21,3,12,12,0
36,Marketing,7,2,2,3,2,4,13342,7,No,19,3,14,2,3,22,7,2,10,1
32,Sales,14,1,4,2,2,2,13239,2,No,23,3,18,4,2,31,11,14,16,0
29,IT,28,1,1,4,5,2,14854,8,Yes,23,4,27,5,2,25,14,8,15,1
47,IT,14,3,4,1,3,3,14897,9,No,15,3,39,1,2,26,15,9,9,1
26,R&D,25,4,1,3,1,4,12419,1,Yes,19,3,4,3,3,11,11,4,3,0
27,R&D,27,2,1,2,2,4,11064,5,No,18,3,4,3,4,18,17,9,3,1
47,R&D,4,2,1,2,1,1,16003,0,No,23,3,5,0,2,18,11,5,10,0
25,IT,26,3,2,2,3,4,11259,1,No,21,4,22,1,1,33,15,0,7,1
40,Sales,15,3,4,1,2,4,6674,4,No,16,3,2,3,3,31,10,8,8,0
41,Sales,3,3,2,1,5,1,6002,0,No,11,4,36,1,4,28,13,8,15,0
54,R&D,5,5,4,1,4,1,1910,7,No,20,3,32,5,4,20,1,5,9,0
41,Marketing,1,5,2,3,5,4,1949,0,No,15,3,20,1,2,34,12,7,8,0
33,Sales,3,5,3,1,5,3,19898,8,Yes,22,3,19,3,3,4,13,3,2,0
22,IT,15,1,1,3,4,1,12523,9,No,11,3,0,1,2,11,5,4,1,0
47,HR,24,2,1,2,4,1,12221,2,No,17,4,38,2,1,6,11,4,8,0
35,HR,27,4,2,2,4,4,17484,1,Yes,20,3,16,0,4,1,6,6,12,1
59,HR,8,1,3,4,2,4,5646,0,Yes,24,3,28,4,4,24,3,6,5,0
58,Marketing,29,2,1,1,1,1,7945,8,No,21,3,7,3,3,9,6,6,3,0
32,R&D,4,2,4,2,1,4,3400,3,Yes,18,4,25,5,4,37,12,4,13,0
57,IT,2,3,2,1,4,1,12563,0,Yes,18,4,27,4,3,5,10,3,10,0
34,Marketing,29,3,1,3,5,3,19727,0,No,17,3,33,0,2,26,7,7,1,0
24,IT,24,1,1,2,3,3,1352,6,No,12,3,25,2,1,34,1,0,2,1
54,IT,24,3,2,1,4,1,16489,1,No,15,3,12,2,3,9,17,0,4,0
27,R&D,10,2,2,2,5,1,2018,6,Yes,14,3,36,2,2,8,9,5,6,1
31,HR,4,3,4,2,5,2,18563,6,Yes,15,3,12,2,1,19,5,1,10,1
26,R&D,3,5,4,1,2,2,6193,9,No,20,3,37,3,4,36,3,11,11,1
44,Marketing,2,3,1,2,2,4,16701,8,Yes,19,3,24,3,1,34,13,2,10,0
31,Marketing,25,2,1,2,1,4,4536,6,No,14,3,22,1,1,36,13,3,12,1
23,Marketing,17,1,2,2,1,1,16449,0,Yes,22,3,21,5,1,39,17,13,3,1
34,R&D,23,4,1,2,3,1,12842,7,No,18,3,20,1,4,7,16,1,13,0
23,IT,21,3,1,3,3,2,19886,7,No,18,3,29,5,3,30,17,9,11,1
41,IT,24,2,2,2,3,2,4819,3,Yes,12,3,10,0,3,15,17,6,1,1
22,Sales,20,4,1,4,3,1,18363,7,No,24,3,3,1,1,27,4,14,7,1
58,Marketing,23,4,1,2,5,3,1976,3,Yes,16,3,32,0,2,5,8,9,12,1
30,IT,13,5,3,1,5,3,19664,7,No,15,3,11,0,2,31,0,0,0,0
38,Sales,5,4,4,4,1,4,6897,4,No,12,4,8,0,1,27,3,2,4,1
30,IT,21,2,2,3,2,1,16957,3,No,22,3,31,2,1,10,6,1,10,1
32,Marketing,9,2,3,4,2,1,16359,5,No,20,4,10,4,2,22,10,12,10,0
36,HR,25,3,4,4,4,4,14240,1,No,14,3,36,4,1,29,13,8,12,0
45,Marketing,29,3,4,4,5,2,1107,1,Yes,17,3,23,3,1,8,9,7,1,1
59,R&D,25,3,4,1,3,2,16524,1,Yes,23,3,6,0,3,27,7,2,15,1
56,IT,28,4,3,1,3,3,2626,8,No,11,3,7,2,3,23,2,4,4,1
51,IT,22,4,3,1,4,1,7229,9,No,19,3,32,1,1,27,7,2,13,0
52,R&D,6,5,4,3,2,2,7877,2,Yes,20,3,24,1,1,23,17,13,4,1
26,R&D,5,3,1,1,3,3,1874,9,Yes,22,3,0,3,4,14,4,10,8,1
35,HR,25,1,1,1,2,3,6543,3,No,11,4,2,3,3,38,10,12,11,0
32,IT,10,5,3,4,4,3,4809,9,No,22,3,39,0,1,32,8,11,15,0
30,IT,8,1,3,1,2,2,11603,7,No,15,3,27,0,4,33,11,10,14,1
55,HR,7,4,3,2,2,2,3107,3,No,17,3,32,1,4,21,4,11,16,0
33,Sales,7,5,4,1,2,1,12745,9,No,18,3,0,1,4,28,15,10,14,0
56,HR,6,5,1,3,3,1,10465,9,Yes,12,3,37,1,4,33,12,5,2,1
56,Marketing,21,2,3,3,1,3,1559,6,Yes,14,3,26,1,3,9,5,4,16,0
22,IT,29,4,3,2,5,3,9308,4,Yes,12,3,37,4,4,29,15,10,12,1
43,R&D,20,4,2,3,2,2,16250,8,No,14,3,34,0,3,10,17,1,8,1
50,Marketing,3,5,4,3,2,2,14255,3,No,16,3,9,0,4,33,16,13,12,1
29,IT,19,4,2,4,2,1,4046,2,No,16,3,11,1,4,20,11,9,15,1
32,HR,22,5,1,2,1,1,14856,1,Yes,22,4,9,2,2,12,0,7,13,0
58,Marketing,15,2,2,4,4,4,17427,0,No,23,4,33,1,3,24,6,5,7,0
35,IT,4,5,2,4,3,1,1508,5,No,12,4,23,5,2,20,13,13,2,1
51,Sales,28,4,2,1,1,2,7107,9,No,21,3,27,3,2,0,17,14,15,1
56,Sales,12,4,4,2,2,3,14476,1,Yes,14,3,21,5,4,4,0,2,13,0
42,R&D,6,5,1,1,1,4,4439,7,No,14,3,15,2,3,21,9,12,15,1
58,IT,19,5,2,1,1,1,14136,5,Yes,24,3,12,3,1,6,14,14,16,0
26,Sales,4,5,4,4,1,1,15167,4,No,11,3,35,2,4,12,10,12,10,1
40,HR,15,3,1,3,4,2,18300,1,No,24,4,35,3,3,22,3,0,12,1
35,IT,9,4,3,2,5,4,18182,6,Yes,12,3,22,1,2,20,14,4,10,0
47,HR,5,4,2,3,3,1,5971,1,No,24,3,13,1,3,5,15,11,3,0
25,HR,13,3,1,4,4,3,19144,4,Yes,13,3,31,2,4,19,14,10,13,0
46,Sales,23,5,2,4,4,2,16883,1,No,23,3,2,3,3,11,16,1,4,0
46,IT,26,2,3,4,5,4,1818,9,Yes,21,3,26,4,2,39,10,12,3,1
39,Marketing,18,5,1,4,4,1,11360,1,No,15,3,18,2,3,8,17,1,0,0
29,Sales,5,5,4,4,1,1,12927,6,No,21,3,21,2,3,27,15,8,13,0
35,Sales,25,3,1,4,1,4,17023,8,No,18,3,0,5,2,10,14,10,6,0
53,IT,16,4,4,3,2,2,4065,4,No,16,3,4,0,4,31,10,12,9,1
59,IT,27,5,1,1,4,4,4259,6,No,13,3,32,2,1,10,12,14,1,1
54,HR,19,4,4,3,2,4,18290,3,Yes,16,4,18,4,2,23,17,9,9,1
44,IT,14,1,3,2,3,2,13300,1,No,17,3,35,1,2,14,7,6,2,1
36,HR,25,4,3,3,1,1,1602,2,No,16,3,5,3,4,34,8,5,7,0
54,Sales,16,2,3,4,3,3,5295,1,No,20,4,14,0,4,16,10,14,9,0
46,R&D,27,2,1,3,5,2,10983,4,No,16,3,35,3,3,24,16,12,7,1
38,Marketing,15,5,3,1,1,3,4527,5,No,11,3,32,1,2,34,0,0,13,1
54,Sales,22,4,2,2,3,1,2811,6,No,13,3,23,2,3,18,10,14,8,1
23,IT,4,5,3,3,5,4,13103,2,No,17,3,26,5,3,30,6,13,8,0
35,Marketing,7,3,4,1,3,3,10032,3,No,14,3,10,4,4,16,7,9,3,0
27,R&D,16,2,4,3,5,1,13877,7,Yes,22,3,22,0,4,22,3,1,2,1
27,R&D,24,5,4,2,5,1,8963,3,No,14,3,32,4,3,0,3,10,13,1
24,HR,22,3,1,3,1,4,16224,6,No,17,3,28,4,2,9,8,6,13,1
28,Marketing,21,5,2,4,2,4,9916,5,No,19,4,30,4,2,7,16,14,15,1
29,HR,22,4,3,3,5,1,7766,6,No,24,3,0,4,3,25,17,2,4,1
36,Sales,21,4,2,1,5,1,18186,0,Yes,21,3,33,1,1,33,0,1,14,0
50,Marketing,8,4,2,3,1,3,19966,2,No,23,3,17,4,1,18,13,5,8,1
54,Sales,17,4,4,1,2,1,2665,5,No,23,3,17,5,4,13,3,7,6,1
51,HR,16,1,4,2,4,1,16932,2,No,12,4,5,4,2,7,9,14,12,1
48,Marketing,27,3,4,3,4,3,7975,6,Yes,19,4,39,1,3,0,13,7,7,1
57,HR,23,3,1,2,2,2,3552,8,Yes,13,3,0,3,3,24,6,10,11,1
50,Marketing,10,4,2,2,3,3,14219,2,No,16,4,29,1,2,23,11,1,3,1
59,HR,10,1,2,3,1,3,15274,0,No,14,3,3,5,4,19,15,5,15,1
54,R&D,27,4,1,1,2,4,13612,9,No,11,4,31,5,4,29,4,11,5,0
58,HR,2,1,1,2,4,3,3808,5,Yes,19,3,9,2,1,4,10,4,4,0
48,R&D,9,4,1,2,5,1,12090,0,No,21,3,4,1,2,2,3,6,0,1
54,HR,17,2,2,3,4,1,13260,0,Yes,16,3,8,3,2,31,12,3,13,1
25,Marketing,11,2,2,3,5,1,16295,7,Yes,18,3,4,2,3,16,7,11,8,1
43,Marketing,10,5,4,3,1,2,15837,8,No,12,3,10,2,2,4,6,12,5,1
23,Marketing,22,4,4,3,5,1,15669,1,No,17,4,34,0,1,10,10,1,14,0
31,IT,25,3,2,3,2,2,11523,8,Yes,16,4,26,4,2,37,10,9,15,1
26,Sales,17,5,4,4,5,1,13762,4,No,12,3,3,2,3,3,16,2,7,1
31,Marketing,4,2,1,3,3,3,14769,7,Yes,12,3,9,2,1,38,13,8,4,1
54,R&D,16,4,3,1,2,4,14731,6,Yes,14,4,38,5,3,18,1,9,13,0
59,Marketing,20,5,4,2,1,1,12877,6,Yes,14,3,32,3,2,38,7,7,6,1
34,IT,15,4,2,1,2,2,3456,3,No,13,3,37,2,4,22,1,12,3,0
52,R&D,25,2,4,1,3,2,6423,1,Yes,18,3,7,3,2,16,14,8,0,0
57,IT,27,5,4,4,1,4,15246,4,No,24,3,23,4,2,12,4,4,3,0
45,R&D,21,2,4,3,4,1,13846,2,Yes,17,3,38,5,3,26,5,12,13,0
36,HR,5,1,3,2,3,3,5317,8,Yes,12,3,32,0,4,0,16,4,15,1
50,Sales,6,2,1,1,1,1,18940,5,Yes,13,3,18,0,2,1,7,6,6,1
29,Sales,17,4,2,3,5,1,19589,0,No,20,3,1,4,1,17,4,6,9,0
26,IT,1,3,3,3,2,4,13635,2,No,19,4,10,4,1,35,13,0,9,0
50,Sales,25,2,2,4,1,1,14470,3,No,23,3,34,5,3,32,9,11,3,0
25,IT,19,3,2,4,2,3,14176,8,No,15,3,16,5,3,35,12,14,11,0
33,IT,4,1,2,4,5,2,10113,5,No,12,3,2,1,4,1,4,13,5,1
23,IT,17,5,3,2,1,4,14546,3,No,13,3,21,2,3,3,6,4,12,1
48,Sales,9,5,1,1,4,3,7805,0,Yes,18,3,34,2,4,15,9,7,0,0
52,IT,24,3,2,4,3,2,17788,7,No,14,3,20,2,2,3,10,6,7,0
57,Sales,2,5,1,4,1,4,19004,1,No,24,3,24,3,1,8,2,10,15,0
57,IT,8,2,1,4,5,4,9080,7,No,12,3,38,1,1,20,12,1,4,1
47,Marketing,15,3,4,1,1,2,4118,5,No,12,3,1,2,1,22,1,13,6,0
48,IT,7,4,3,1,2,2,7630,7,No,16,3,0,3,3,1,3,7,2,1
26,R&D,27,2,3,4,1,3,1565,5,No,18,3,6,3,3,2,2,1,1,0
41,IT,6,2,4,4,4,1,16701,4,No,17,3,19,0,2,22,14,9,1,1
32,HR,1,2,4,3,1,1,15859,4,No,14,4,5,3,3,25,3,0,9,0
31,IT,15,4,1,4,3,1,8670,9,No,12,3,35,4,4,6,3,10,8,1
59,R&D,23,1,2,2,1,1,10476,9,No,19,3,20,5,1,35,14,10,5,0
27,R&D,26,5,3,2,2,1,9776,7,No,14,3,34,3,2,32,5,13,5,1
29,Sales,7,3,2,4,1,3,16021,6,No,19,4,35,4,4,35,4,10,9,0
44,Marketing,29,1,2,1,4,4,5327,7,Yes,15,3,7,4,4,3,11,2,8,0
47,IT,25,3,4,3,5,3,16275,7,No,24,3,3,0,3,22,6,2,8,0
33,Sales,17,5,2,1,1,3,8614,6,Yes,22,3,15,0,3,24,2,5,2,1
47,Marketing,2,4,1,4,1,3,2245,1,No,22,3,2,3,1,25,6,11,11,0
34,IT,27,2,4,2,3,4,9243,8,No,21,3,6,0,2,27,11,2,10,0
39,HR,9,2,2,3,4,3,11355,6,No,21,3,1,0,4,27,14,6,13,0
46,IT,29,4,4,1,5,3,1537,5,No,24,3,0,5,3,20,5,7,9,0
54,R&D,9,1,1,1,2,4,16924,8,No,17,4,0,2,3,9,7,2,4,1
33,R&D,13,1,1,4,1,3,17236,0,Yes,22,3,37,3,2,26,5,8,8,1
57,HR,6,3,2,3,5,1,17924,1,No,15,3,6,3,2,14,2,0,0,1
25,Sales,6,4,4,2,2,2,18198,0,No,12,3,23,3,3,16,4,14,14,1
26,Marketing,20,1,2,4,4,3,2415,9,No,16,3,4,0,3,38,8,2,3,1
58,IT,20,4,2,3,4,2,12030,2,No,17,3,20,5,1,34,15,11,6,0
29,R&D,21,5,4,1,5,3,2652,4,No,24,4,27,0,2,4,15,2,5,1
49,Sales,3,2,2,4,2,3,11857,0,Yes,21,3,17,4,4,15,8,6,14,0
52,HR,17,2,1,1,4,1,19740,3,No,23,3,23,1,3,22,17,10,5,0
30,R&D,17,2,4,1,5,4,4810,7,Yes,16,3,31,1,3,38,12,10,6,0
50,HR,12,4,4,4,4,2,17569,5,No,23,4,32,1,3,8,10,4,2,0
35,IT,16,4,4,4,4,4,2551,0,No,24,3,9,2,3,32,9,3,12,0
43,Marketing,15,3,4,4,4,1,14584,0,Yes,13,3,8,0,1,34,9,1,1,1
32,R&D,13,2,2,4,3,1,1761,2,No,20,3,32,4,2,39,5,6,2,1
44,R&D,23,3,2,4,2,2,13511,9,No,18,3,32,4,3,23,15,2,12,0
22,IT,1,2,1,1,5,4,10471,7,No,13,3,6,1,2,23,11,6,8,0
58,Sales,17,3,3,2,5,1,13467,7,Yes,24,4,3,5,4,23,3,9,4,1
42,Marketing,3,3,3,2,2,3,7163,2,Yes,15,3,27,2,4,18,4,11,9,0
47,R&D,26,5,1,4,2,3,17065,6,No,19,3,22,2,4,38,1,6,13,0
57,Marketing,15,3,3,1,2,3,12886,2,Yes,21,3,31,1,4,24,0,10,16,0
44,R&D,4,4,1,2,2,4,18920,3,No,15,3,15,1,2,30,3,1,2,0
22,Marketing,4,3,2,2,1,3,7201,8,No,17,3,9,0,4,37,11,6,6,0
36,HR,18,2,4,2,5,3,16580,3,Yes,21,3,13,5,4,24,1,5,8,0
42,R&D,17,3,4,1,1,1,8399,2,No,24,3,38,2,3,26,11,9,4,0
30,Marketing,19,1,2,4,4,1,17945,4,No,17,4,35,4,3,31,15,3,3,0
30,Sales,11,2,4,4,4,3,8623,6,No,15,3,33,1,3,10,1,10,2,0
31,HR,20,1,4,4,5,3,11327,4,No,12,3,23,0,1,4,16,4,12,1
47,HR,3,2,3,3,4,1,8187,3,No,15,3,17,4,3,32,1,11,8,0
56,Sales,8,4,2,3,2,2,3180,7,No,17,3,15,2,4,18,3,7,6,1
46,Marketing,14,4,3,3,1,4,2960,3,No,17,3,36,1,2,15,5,4,7,0
47,IT,26,4,3,1,2,4,6153,1,Yes,14,3,24,5,4,34,6,2,9,0
32,Sales,1,1,4,2,4,1,8035,9,No,11,3,7,1,2,10,14,1,0,1
59,Marketing,14,5,4,2,1,4,12471,5,No,16,4,23,5,4,10,11,5,0,0
23,Sales,2,2,2,1,2,1,1582,1,No,23,3,19,0,1,9,4,5,1,1
28,Sales,29,4,4,1,5,1,16514,2,No,24,3,29,0,3,33,13,6,11,1
39,R&D,23,2,4,4,2,1,16531,0,No,13,3,19,2,4,4,15,7,12,1
48,Marketing,4,1,2,4,4,1,17672,4,No,21,4,17,5,3,22,10,3,13,0
55,IT,24,5,4,3,1,2,8979,8,Yes,15,4,3,1,1,24,11,11,4,0
48,R&D,27,1,3,3,5,3,4060,1,Yes,14,3,35,0,1,28,16,7,2,0
38,Sales,29,2,2,1,1,3,14731,6,Yes,23,3,5,1,3,39,6,11,16,0
45,Sales,19,5,4,3,5,2,13294,4,No,12,3,2,2,3,12,8,0,0,1
46,Sales,6,5,1,2,1,4,18567,1,No,22,3,17,5,2,31,13,5,13,1
28,Marketing,25,1,2,1,4,4,15274,7,No,17,3,39,1,3,33,11,5,5,0
27,Marketing,1,4,2,1,5,3,18830,5,No,24,4,17,4,3,11,14,2,16,1
45,R&D,17,2,1,2,3,4,17348,3,No,15,3,22,1,2,23,11,8,3,1
54,IT,8,3,4,4,1,3,2903,3,No,24,4,34,3,4,39,12,11,5,0
50,R&D,19,3,4,4,1,3,15551,1,No,17,3,5,3,2,20,8,11,0,0
43,HR,21,1,2,2,2,2,16141,2,No,19,3,25,2,4,28,6,4,8,0
47,Sales,1,2,2,2,5,4,3377,6,Yes,14,3,20,2,4,22,0,14,3,0
49,Sales,5,2,4,3,3,2,1847,2,Yes,15,3,23,2,4,32,9,0,8,1
42,Sales,27,1,4,1,4,3,15380,4,No,19,4,14,4,2,7,5,6,8,1
28,R&D,16,2,3,3,2,3,18623,9,No,23,3,26,5,2,12,14,9,12,0
38,R&D,6,4,2,2,3,3,10524,5,No,20,3,31,4,1,4,14,14,16,0
41,Sales,8,1,2,3,5,1,16231,5,No,21,3,11,1,4,9,8,13,2,0
41,R&D,13,4,1,2,3,1,12698,3,Yes,24,3,4,0,2,13,12,2,5,0
43,Marketing,16,2,3,3,1,1,11571,5,No,23,4,6,5,1,23,0,9,14,0
49,Marketing,3,1,4,3,1,2,13314,2,No,14,3,21,3,4,10,8,9,13,0
28,R&D,19,2,3,4,2,3,12429,6,Yes,15,3,26,3,2,2,2,10,12,1
22,Sales,12,1,4,2,5,4,3365,6,No,23,3,14,3,2,28,8,3,8,0
53,R&D,16,2,4,3,5,2,11604,3,No,15,3,38,1,2,29,14,5,14,0
34,R&D,27,4,3,1,3,2,12366,1,No,18,3,34,1,3,36,6,7,13,0
51,R&D,11,4,2,3,2,2,6055,6,Yes,23,3,25,2,1,6,3,12,3,0
44,HR,10,2,4,3,5,4,6622,2,No,14,3,22,0,2,16,16,3,10,1
40,Marketing,25,1,3,1,1,3,17756,0,No,14,4,12,2,3,19,3,14,1,1
53,IT,20,3,1,2,3,1,8783,1,Yes,23,3,25,1,1,10,4,11,15,1
51,IT,4,4,3,4,4,3,2949,9,No,17,3,2,4,1,24,15,8,15,1
50,HR,12,4,1,4,1,3,17628,8,No,21,3,28,2,3,23,2,7,6,0
50,R&D,23,3,4,4,2,2,11032,7,No,15,4,1,5,1,1,10,9,10,0
51,HR,2,2,3,1,5,2,12619,5,No,16,3,27,1,3,26,14,9,11,1
37,HR,24,1,3,3,1,2,17508,5,Yes,16,3,22,1,4,18,13,5,3,0
40,Sales,22,2,1,2,4,1,13824,0,No,22,3,35,4,2,28,15,6,15,1
39,Marketing,19,5,3,3,4,1,11945,1,No,16,3,5,4,3,36,5,7,15,0
22,IT,25,4,3,4,2,1,2919,3,Yes,24,3,10,4,1,10,4,1,6,0
35,R&D,5,5,4,3,1,3,10827,2,No,20,4,37,0,1,18,16,4,12,0
23,IT,8,4,3,1,3,2,10617,0,No,15,3,33,5,4,27,15,12,4,0
49,IT,7,4,2,1,1,4,10732,7,No,23,3,16,1,4,38,1,6,0,0
51,Marketing,14,5,1,2,4,3,1530,6,No,23,3,2,4,4,20,10,7,4,1
59,IT,24,5,3,2,2,1,8849,3,Yes,15,3,33,0,4,25,3,4,13,1
25,IT,23,2,1,4,2,4,7929,8,No,19,3,21,3,4,21,5,2,10,0
22,HR,3,5,1,2,3,4,5349,3,Yes,23,3,28,5,2,5,6,14,1,0
29,Marketing,18,2,1,3,2,2,15456,0,Yes,18,3,28,3,3,10,16,5,14,0
50,Sales,16,2,3,1,2,4,12295,9,No,14,3,4,3,4,13,7,4,13,1
24,R&D,23,2,3,1,2,1,19185,0,No,17,3,9,1,4,35,0,7,12,0
53,IT,19,4,1,1,2,2,6156,0,No,18,3,9,0,2,39,14,8,1,0
31,R&D,19,4,2,2,2,4,10228,0,Yes,22,3,8,0,3,1,11,8,7,0
31,Sales,18,5,1,1,4,2,12920,3,No,19,4,20,3,4,19,14,11,16,0
40,R&D,20,4,2,1,1,4,8432,0,No,15,4,12,5,3,21,14,11,14,0
55,Sales,16,5,1,1,5,3,13203,1,No,13,3,9,2,3,38,8,5,13,0
54,HR,8,4,4,4,2,3,7189,3,No,23,3,37,3,2,3,15,14,2,0
44,IT,28,1,1,4,5,1,2142,6,No,14,3,10,1,2,28,1,3,16,1
49,Sales,1,1,1,2,5,3,8614,1,No,20,3,3,3,4,23,14,3,2,0
53,R&D,17,5,3,1,4,3,15253,7,Yes,16,3,30,5,1,0,14,8,12,1
28,IT,12,4,2,2,2,3,19013,6,No,20,3,33,5,2,23,6,3,0,1
50,HR,21,4,4,1,5,4,18146,8,No,21,3,34,3,3,29,12,7,6,1
29,IT,11,2,2,1,2,4,7905,5,No,15,4,38,0,3,11,16,8,4,0
22,Sales,5,3,4,1,3,2,5889,3,Yes,19,3,38,3,4,18,10,4,1,1
24,HR,27,5,1,2,3,4,5839,5,No,23,3,32,4,4,36,9,12,16,0
45,R&D,12,3,3,2,3,3,4957,3,No,21,3,7,4,4,39,0,5,9,0
44,HR,17,3,3,1,5,4,1557,6,No,21,3,31,2,3,3,13,2,3,0
29,HR,6,5,2,3,3,1,5621,8,No,24,3,32,1,2,14,4,11,8,1
58,Marketing,1,4,3,2,4,2,15932,2,No,13,3,7,1,1,19,7,4,10,0
24,HR,5,5,2,4,4,2,1839,2,No,12,3,13,0,2,19,0,4,11,0
54,HR,25,3,2,2,5,4,10243,1,No,16,3,33,1,1,20,6,14,11,0
49,IT,28,4,4,1,2,3,10596,0,Yes,23,3,7,2,2,9,1,13,3,1
29,R&D,14,1,2,3,1,2,7998,0,No,17,3,6,4,4,29,6,1,8,0
55,IT,5,5,4,1,2,1,11129,2,No,15,3,12,0,3,23,6,9,7,1
56,IT,22,5,3,4,2,1,1510,6,No,11,4,20,5,1,39,8,5,12,0
53,Sales,24,4,2,2,2,2,12596,8,No,13,3,31,4,2,39,3,8,1,1
45,IT,27,1,2,2,2,3,13974,1,Yes,13,3,10,2,3,37,6,10,13,1
35,Marketing,1,1,1,1,1,3,2137,6,No,22,3,13,0,1,2,17,14,4,1
53,Marketing,18,4,2,1,3,4,14700,0,No,24,3,10,3,1,28,12,6,9,0
37,Sales,16,2,2,4,2,4,5666,1,No,14,3,1,1,3,7,10,13,16,0
25,R&D,9,5,1,3,4,2,9906,5,Yes,24,4,33,2,4,28,8,7,15,0
58,R&D,19,5,1,4,5,4,11478,4,No,20,3,16,0,3,9,13,1,16,0
42,IT,22,3,3,3,5,4,3654,7,No,16,3,13,4,4,4,7,10,0,0
35,IT,5,4,2,2,4,4,1990,1,No,15,3,24,0,2,10,13,12,14,0
52,IT,27,3,3,3,2,1,3160,0,No,11,3,26,3,2,3,16,13,16,0
39,R&D,2,3,3,3,1,4,16136,6,No,16,3,7,2,3,34,13,8,10,0
28,HR,15,1,1,2,3,2,11336,5,No,24,3,16,0,4,39,4,2,4,0
31,Marketing,7,5,4,2,5,3,15269,7,No,24,3,4,5,2,11,9,9,3,0
28,HR,4,3,3,2,3,4,17206,7,No,19,3,11,2,4,20,5,4,8,0
54,HR,1,1,4,4,1,3,3063,1,No,21,4,37,2,4,15,9,13,15,1
44,R&D,13,4,2,2,5,4,11795,7,No,11,3,17,4,4,13,10,6,11,0
42,HR,20,3,1,1,3,2,19361,5,No,18,3,25,1,3,20,5,3,2,1
40,Sales,22,5,2,2,1,1,9567,8,Yes,18,3,30,5,4,26,9,6,14,1
40,IT,7,3,2,2,3,2,9933,6,No,13,3,36,3,3,35,13,7,11,0
57,Sales,15,4,1,2,2,1,16619,1,No,23,3,5,0,2,0,2,14,12,0
50,Marketing,23,3,2,3,1,4,5919,7,Yes,19,3,14,1,2,0,6,12,0,1
39,IT,14,5,1,4,3,4,12741,8,Yes,21,3,25,4,1,21,1,9,3,1
23,HR,23,1,4,2,2,1,9798,6,Yes,23,3,11,1,1,14,6,13,7,1
22,Marketing,19,5,2,4,2,2,17927,3,No,23,3,13,2,2,19,16,9,4,1
26,IT,22,1,1,1,1,2,15566,8,No,21,3,0,2,4,2,12,3,10,0
41,HR,29,2,3,1,4,1,1883,3,Yes,18,3,16,3,4,13,8,14,16,0
32,Sales,24,5,2,2,5,4,10415,3,No,13,3,32,5,2,8,12,4,16,1
23,IT,20,5,4,1,1,1,12085,8,No,20,3,28,0,2,18,14,10,1,1
24,HR,29,4,1,4,2,4,16008,7,No,15,3,30,0,1,39,12,2,0,0
44,Sales,24,3,2,3,2,1,19452,3,No,13,3,7,4,4,33,16,4,3,1
33,Marketing,18,1,2,2,1,4,9120,7,No,15,3,29,3,2,3,7,7,8,0
41,Marketing,10,1,2,1,4,1,8820,7,No,19,4,12,0,1,32,8,2,1,1
26,Marketing,9,4,4,4,5,3,12901,6,Yes,22,3,15,5,1,36,8,14,2,0
58,Marketing,25,4,1,4,3,4,19170,9,Yes,14,3,1,2,4,1,7,13,5,0
59,R&D,8,3,3,1,1,2,17259,5,No,16,3,17,3,1,26,15,12,12,1
51,IT,26,3,3,4,5,1,10649,7,No,13,3,34,1,1,16,6,4,14,0
30,IT,29,5,3,4,5,2,9269,6,No,13,3,18,3,3,30,16,9,10,0
55,R&D,10,2,1,2,2,1,12805,4,Yes,15,3,12,3,2,5,6,0,9,1
56,HR,17,3,3,4,3,2,18692,3,Yes,18,3,3,5,4,30,5,1,2,1
43,HR,2,4,4,1,1,2,11379,1,No,24,3,18,5,2,2,4,2,8,0
45,Marketing,6,3,1,2,2,1,9744,7,No,18,3,24,0,3,39,16,0,9,0
38,Sales,26,1,2,1,2,1,14285,8,No,13,3,37,4,4,2,7,12,11,1
31,HR,5,2,4,3,4,2,9473,3,No,18,3,30,4,2,32,0,10,7,1
51,Sales,28,5,2,1,5,2,11679,3,No,23,3,35,5,1,12,15,11,16,1
44,IT,9,1,3,1,1,2,15605,4,No,21,3,3,0,4,20,16,10,4,0
53,Sales,5,1,4,2,1,4,11985,1,No,23,3,38,0,3,36,2,8,7,0
38,IT,18,2,1,4,1,4,13391,6,Yes,18,3,6,0,1,15,12,8,10,1
38,R&D,26,5,4,1,2,3,5861,4,No,13,3,15,5,3,20,7,4,9,0
35,R&D,20,4,2,2,4,4,2596,5,No,20,3,4,4,1,12,15,13,14,0
30,Marketing,9,5,1,3,3,4,17863,3,No,23,3,22,0,2,3,6,3,5,1
23,HR,17,3,4,2,2,1,11155,7,No,20,3,35,5,2,30,14,4,16,1
46,Marketing,27,1,4,2,3,3,8919,7,No,12,3,31,1,2,8,1,3,9,1
30,IT,17,3,4,4,4,3,11334,4,Yes,20,3,23,1,3,32,1,11,4,0
43,Marketing,12,4,4,1,5,4,15628,5,Yes,12,3,24,2,4,36,9,4,15,0
25,Sales,7,3,1,3,1,1,3072,2,Yes,19,3,27,1,2,36,4,6,11,1
47,IT,27,5,2,2,3,1,10487,0,Yes,17,3,18,3,3,23,3,10,4,1
50,R&D,3,3,4,1,2,3,6624,8,No,16,4,6,2,1,24,14,7,0,0
55,HR,10,4,1,1,3,1,1938,8,No,17,3,16,1,2,28,12,1,1,1
44,IT,2,4,2,2,5,2,9176,2,Yes,18,3,1,3,1,39,16,3,4,1
58,IT,25,4,4,1,1,4,1761,3,No,22,3,15,1,2,35,0,7,14,0
32,Sales,3,5,2,2,3,2,13941,6,No,11,3,38,5,1,14,17,6,0,0
27,HR,16,4,2,2,5,3,2669,1,No,18,3,17,3,3,17,14,8,10,0
39,R&D,2,1,1,2,2,3,8128,2,No,13,3,38,0,2,19,13,4,2,1
42,IT,28,4,2,3,4,1,13091,5,No,13,4,0,5,3,4,8,5,8,1
57,IT,24,3,1,2,2,1,19315,7,Yes,16,3,2,3,3,17,11,14,3,1
59,Sales,10,3,4,4,1,3,8308,0,No,14,3,20,5,1,39,4,10,12,0
55,Marketing,6,3,2,1,2,3,2126,3,Yes,14,3,29,0,2,0,1,7,8,0
38,R&D,22,5,2,3,2,2,7021,0,No,14,3,10,3,4,18,6,14,2,0
58,HR,26,3,3,1,2,2,7437,1,No,20,3,21,3,4,22,8,11,15,0
46,IT,11,5,4,3,2,1,8039,7,No,19,3,24,5,3,25,17,13,7,1
59,IT,23,5,4,4,1,2,18587,5,No,18,3,2,1,1,28,3,14,6,0
33,R&D,7,4,3,3,5,1,5135,8,No,13,3,29,3,1,33,1,10,16,0
44,Marketing,27,1,3,3,3,1,16111,1,Yes,11,4,23,1,1,18,0,14,15,0
43,IT,29,4,1,3,4,4,12964,2,No,11,3,35,3,2,17,11,4,15,1
42,R&D,15,4,1,1,3,1,9711,8,No,11,3,22,4,2,1,12,13,14,1
48,Sales,6,5,2,2,3,2,8904,8,No,14,3,7,2,1,26,13,8,1,1
52,Marketing,20,5,2,1,4,3,3283,5,Yes,24,4,3,1,4,5,4,3,3,0
27,HR,27,3,2,2,1,3,3477,2,No,16,3,38,1,4,38,2,7,4,0
48,IT,9,3,2,1,4,2,4093,4,No,14,3,30,0,2,5,3,11,6,1
55,R&D,22,4,1,4,1,3,8207,1,No,21,4,28,4,1,5,16,13,14,1
33,Sales,20,2,4,4,3,1,10394,6,No,21,3,35,0,4,30,10,2,16,0
28,HR,12,2,2,3,1,3,15841,9,No,13,3,12,4,4,39,7,4,9,0
31,R&D,19,3,4,4,5,2,7227,7,No,18,3,8,4,2,29,11,14,8,0
38,R&D,20,2,2,3,4,3,14280,5,No,24,3,20,5,2,20,17,7,15,0
47,HR,3,3,3,2,5,1,4535,7,No,18,4,2,5,4,17,17,14,2,0
42,Sales,15,5,2,4,3,1,11582,1,No,16,3,24,5,1,22,8,9,8,0
49,Sales,2,4,2,2,4,2,3913,2,Yes,19,3,24,3,4,37,4,11,7,0
23,Marketing,21,1,2,1,3,2,3340,6,Yes,22,4,11,0,4,22,16,6,6,1
22,IT,2,4,1,2,5,2,6289,9,No,20,3,28,2,1,27,12,0,16,0
57,HR,22,3,3,1,3,4,1597,0,Yes,11,3,10,4,2,35,5,11,4,0
47,HR,3,3,2,2,4,4,16025,6,No,23,3,10,4,1,24,13,3,6,0
50,HR,6,4,2,2,4,1,8145,5,Yes,18,3,25,1,1,6,14,1,12,1
42,Sales,15,3,4,4,3,4,3902,7,No,16,3,13,3,1,17,13,1,13,1
32,IT,27,2,3,2,4,4,9955,6,Yes,11,4,15,2,1,19,3,12,2,0
32,Marketing,10,2,2,4,4,3,8694,3,No,14,3,9,5,2,4,17,14,16,0
57,R&D,9,3,4,4,3,4,5830,2,No,15,3,30,4,4,17,0,6,6,0
56,R&D,1,3,4,3,5,3,10834,2,No,17,3,30,1,3,39,11,11,3,0
55,HR,16,2,1,3,4,2,11489,3,No,18,3,35,0,2,32,8,11,14,0
45,IT,6,3,4,1,4,3,16768,8,Yes,19,3,9,4,1,14,9,2,7,0
43,Sales,9,3,2,2,4,3,11364,8,Yes,22,3,25,1,4,34,17,2,15,0
26,IT,27,4,1,1,4,2,3160,1,No,22,4,19,0,4,0,16,14,0,1
54,IT,4,1,1,2,3,2,14268,4,No,16,3,8,3,1,20,3,5,15,0
57,Sales,27,2,2,3,5,1,15485,0,No,20,3,14,5,2,7,15,5,1,0
41,HR,28,4,3,3,5,1,3922,3,No,19,3,8,0,1,6,6,0,1,1
40,IT,2,1,4,2,1,1,4804,1,No,14,3,6,4,4,39,8,14,7,0
56,R&D,29,3,1,2,4,1,3368,7,Yes,18,3,25,2,4,39,7,14,11,1
38,Sales,4,3,3,3,4,3,16157,3,No,13,3,23,0,2,29,6,14,10,0
55,Marketing,1,4,2,3,1,3,9093,4,No,14,3,11,2,3,37,9,0,5,0
30,HR,19,3,4,1,5,1,4932,3,No,20,4,19,2,1,34,7,10,4,0
47,Sales,26,5,4,3,2,4,12552,4,No,14,3,13,0,3,1,16,5,14,1
23,Marketing,25,4,1,2,2,1,6608,4,Yes,16,3,21,3,4,7,11,6,7,1
30,Marketing,10,1,4,1,5,4,13899,4,No,19,3,15,0,3,37,13,8,5,0
30,IT,21,4,4,2,4,2,10292,2,Yes,16,3,28,1,1,3,11,3,11,1
38,IT,15,2,4,4,2,3,10862,6,No,11,3,31,5,1,36,1,13,11,0
22,IT,27,4,4,1,3,3,6531,2,No,15,3,18,2,4,20,11,9,11,0
46,Sales,22,3,2,2,3,4,11412,1,No,19,3,34,5,2,12,13,5,8,0
46,Sales,19,3,3,3,1,1,7344,2,No,15,3,31,4,2,8,6,11,9,0
56,HR,16,5,2,4,5,3,17759,2,Yes,16,3,19,2,4,28,12,2,16,0
24,IT,21,5,2,2,5,4,8887,7,No,13,3,39,4,1,23,3,12,15,1
58,Marketing,27,5,1,1,2,2,18993,3,No,18,3,19,1,2,15,0,12,3,0
51,R&D,24,1,4,2,4,2,17158,2,No,20,3,7,1,3,11,16,10,2,0
59,HR,22,5,2,4,5,3,18997,9,Yes,21,3,34,5,4,1,2,3,15,0
55,Sales,4,1,4,1,2,1,4679,4,Yes,23,3,12,1,3,18,16,8,13,0
33,HR,2,5,2,4,2,4,8540,3,Yes,14,3,5,0,1,29,7,13,8,0
40,HR,25,1,2,2,5,3,10488,8,No,14,3,15,2,2,15,2,13,5,1
58,HR,13,4,1,3,2,2,8074,7,Yes,21,3,4,4,1,23,9,0,3,1
38,HR,28,4,3,3,1,1,4996,6,No,22,3,33,5,3,12,1,4,1,1
31,R&D,1,3,3,2,1,4,6695,7,No,15,3,5,5,1,4,3,14,9,0
33,IT,17,1,2,2,5,3,15235,4,No,24,3,32,1,1,22,13,14,10,1
37,Marketing,13,2,1,2,4,4,3366,3,No,20,3,14,1,4,37,10,10,6,0
45,HR,4,3,4,1,1,1,15164,6,Yes,19,3,14,4,4,30,13,6,4,1
40,HR,7,4,4,4,1,1,7764,0,No,23,3,13,2,1,16,12,2,3,1
29,HR,17,1,2,4,5,2,16527,5,No,18,3,38,2,4,2,3,14,5,0
52,IT,9,5,3,4,3,1,17292,7,No,17,3,4,5,1,25,1,1,1,1
42,Sales,4,2,1,2,2,3,2614,6,No,15,3,25,4,3,12,1,12,1,1
38,Sales,19,4,3,4,1,4,15396,1,Yes,19,3,16,5,4,37,10,10,15,1
44,R&D,1,3,4,2,3,1,19800,6,No,19,3,15,3,1,21,4,1,12,0
58,Sales,10,1,3,1,4,1,17880,5,No,20,4,34,2,4,20,8,0,6,0
37,HR,4,2,4,3,3,3,17888,4,No,20,3,37,4,1,28,16,4,4,0
27,HR,9,1,1,2,5,4,6733,3,Yes,12,3,22,4,4,38,11,12,16,0
29,HR,13,5,1,2,4,4,4216,0,Yes,14,3,12,5,2,4,17,2,12,1
46,R&D,14,3,2,3,4,2,5364,1,No,18,3,32,1,1,13,2,10,14,1
39,HR,10,1,2,3,3,2,13269,6,No,23,3,28,4,2,17,4,11,2,1
46,Sales,6,4,3,1,5,4,18861,9,No,24,3,33,5,1,3,13,6,3,1
33,IT,16,3,1,4,1,3,14829,2,No,11,4,33,0,2,32,15,0,14,0
36,IT,6,4,1,2,3,3,5960,4,No,23,3,26,1,1,38,8,8,2,0
47,Marketing,17,1,2,4,1,2,19781,7,Yes,15,3,14,1,4,19,16,13,6,0
47,Sales,10,3,4,2,3,1,9301,7,Yes,18,4,8,2,2,12,6,1,7,1
53,HR,18,4,3,1,1,3,9841,5,No,12,4,25,3,4,35,9,7,10,0
31,IT,27,5,3,3,3,1,8730,4,No,12,3,2,2,1,3,3,9,8,0
37,Sales,22,5,2,1,4,3,18883,1,No,23,3,35,0,4,34,9,3,11,1
28,IT,18,1,1,3,2,4,17979,8,No,18,3,4,5,1,7,2,5,4,0
38,HR,3,3,2,4,4,2,1978,0,No,20,3,19,1,4,39,8,8,0,0
44,IT,20,2,2,4,1,1,1730,1,No,22,3,19,1,2,35,12,6,13,1
47,Marketing,27,3,2,1,5,1,1056,0,Yes,19,3,4,4,1,5,0,14,2,1
42,Marketing,21,5,2,3,4,4,3243,3,Yes,17,4,9,3,4,21,14,7,14,1
43,IT,25,4,4,1,2,3,2701,3,No,18,3,15,3,1,5,14,14,9,0
28,Sales,28,2,4,3,1,1,18670,4,No,15,3,24,4,1,35,10,6,9,0
35,Sales,15,1,1,3,4,3,9303,4,No,11,3,24,0,1,8,9,1,2,1
36,Sales,15,2,2,4,3,4,16100,7,Yes,14,3,29,3,3,15,6,8,5,0
28,IT,4,1,4,4,5,2,13998,2,Yes,12,3,13,1,1,38,0,14,4,0
30,Sales,29,2,1,3,1,1,10393,5,No,13,3,21,0,4,37,6,0,13,1
29,HR,27,1,2,3,4,3,1947,2,No,22,3,27,2,3,32,4,13,16,0
44,Marketing,9,1,3,3,1,1,7553,1,No,13,3,29,2,4,17,15,1,11,0
50,HR,27,2,4,4,3,3,1757,7,No,19,3,18,0,3,11,7,2,8,0
39,Sales,26,2,1,4,2,3,15866,0,No,23,3,37,1,1,26,1,2,2,1
52,HR,19,1,3,2,4,3,12580,8,Yes,20,3,19,2,2,0,7,13,3,0
51,Sales,24,5,2,3,1,4,6651,6,Yes,14,3,34,5,2,14,13,9,13,0
56,IT,28,2,2,2,1,2,8273,9,No,12,3,21,1,1,26,3,3,5,1
39,HR,17,3,2,3,1,1,11033,3,No,13,3,14,4,3,15,14,4,14,0
38,IT,11,4,4,4,2,2,4535,2,Yes,13,3,10,3,4,20,6,5,16,1
35,IT,25,1,1,2,1,3,19677,5,No,24,3,33,0,2,0,7,0,4,0
52,R&D,9,1,3,2,5,3,18488,8,Yes,17,3,23,3,1,28,10,13,5,1
45,Sales,10,4,1,1,5,2,9853,8,No,18,3,5,4,1,2,1,12,4,1
56,Marketing,18,5,4,3,1,2,1908,3,Yes,23,4,16,2,3,11,8,7,13,0
55,Sales,20,4,1,4,5,1,5617,9,No,21,3,27,5,2,27,5,5,3,0
24,Marketing,13,2,4,1,4,3,11048,4,Yes,23,3,30,1,1,38,0,9,4,0
58,Sales,8,4,2,1,5,2,3311,8,No,16,3,35,1,2,36,2,8,10,0
47,IT,7,1,3,3,1,4,17020,1,Yes,14,3,8,4,4,30,9,4,1,0
44,HR,17,4,2,1,3,3,18173,1,No,16,3,9,0,1,30,4,6,1,0
36,HR,21,3,1,3,4,3,14585,4,No,23,3,20,3,1,32,11,10,11,0
25,R&D,23,2,2,1,2,1,15017,0,Yes,21,3,33,5,4,32,0,3,15,0
50,Marketing,15,4,3,3,1,4,17555,7,Yes,11,3,30,2,1,39,8,5,16,0
43,Marketing,20,1,2,4,2,1,13552,4,No,23,4,28,0,3,10,12,5,3,1
46,Marketing,15,2,3,3,3,4,14337,9,No,20,3,10,5,4,28,6,12,13,0
34,IT,1,1,3,3,2,1,2885,1,Yes,18,3,32,5,3,24,15,3,6,0
39,Marketing,25,5,2,2,1,4,2049,8,Yes,11,3,0,4,4,12,7,5,14,1
54,HR,14,3,4,4,1,4,11503,1,Yes,15,3,20,4,4,18,6,7,15,1
37,IT,5,5,1,4,3,4,2161,6,Yes,12,3,22,1,3,35,3,10,7,0
23,Sales,11,3,4,4,1,2,1815,7,No,16,3,8,2,4,27,9,4,1,0
56,Marketing,16,4,4,1,3,3,4766,5,No,19,3,0,0,2,3,0,1,0,1
55,Marketing,2,2,2,2,3,4,4239,6,No,15,3,20,1,3,2,16,8,3,0
51,Sales,8,4,1,4,1,2,14942,0,No,14,3,21,2,4,37,12,10,10,1
34,Marketing,11,3,1,1,5,2,9272,3,No,24,3,3,3,3,36,12,3,9,0
34,Sales,29,3,4,1,3,1,1869,6,No,12,3,0,3,4,24,8,3,0,0
39,IT,18,3,2,1,1,3,6526,0,No,22,3,9,1,4,34,4,10,16,0
53,HR,3,1,1,2,5,3,8741,0,No,13,3,14,0,2,28,0,6,15,1
53,Sales,26,2,4,1,3,1,5694,5,No,16,3,35,2,2,28,1,9,11,1
56,R&D,1,4,1,2,5,3,2934,3,Yes,18,3,28,3,2,11,10,13,15,1
50,Sales,11,4,2,3,4,1,18087,2,Yes,24,4,4,3,4,34,3,9,8,0
50,Marketing,16,5,2,1,4,2,17318,4,Yes,18,3,28,0,2,19,8,5,16,1
37,IT,18,3,2,4,5,2,19907,8,Yes,15,3,26,1,3,16,4,13,2,0
31,IT,16,3,1,1,3,4,7159,9,No,15,4,24,4,4,11,4,3,14,0
51,Sales,23,3,3,3,1,1,16719,9,No,20,3,15,5,3,35,7,5,14,1
46,HR,10,4,1,3,2,2,13993,9,No,24,3,15,2,2,9,1,2,15,0
41,R&D,18,5,3,1,1,2,14813,2,Yes,23,3,35,3,4,17,6,6,0,0
26,IT,6,1,2,3,2,1,2164,4,No,13,3,24,5,3,29,16,5,0,0
22,Marketing,19,2,4,2,2,2,1619,9,Yes,17,3,0,5,1,7,10,2,3,0
51,Marketing,4,1,3,2,3,3,8982,4,No,23,3,4,4,3,12,14,0,12,1
24,HR,27,4,2,1,5,2,4066,8,No,16,4,19,5,4,30,2,11,3,1
35,IT,13,3,2,2,1,1,9638,9,Yes,11,3,4,0,1,5,12,9,7,1
51,Sales,24,2,3,2,5,3,3337,3,No,14,3,35,1,2,6,17,4,12,0
25,Marketing,14,4,4,4,4,3,6594,0,No,16,3,28,2,2,20,2,9,7,0
39,HR,3,4,2,1,3,2,3460,9,Yes,21,3,33,0,3,37,1,1,13,0
58,IT,10,4,3,3,3,4,7820,4,Yes,16,3,17,1,2,27,4,6,0,0
46,IT,6,2,4,1,4,3,4442,0,No,21,3,1,0,3,20,4,12,8,0
22,IT,1,2,4,2,1,1,17191,5,Yes,24,3,15,3,3,20,12,6,0,1
36,IT,23,5,2,4,4,4,17326,9,No,22,3,28,3,3,23,7,3,6,1
30,IT,24,5,1,1,1,4,11529,9,No,22,3,32,4,3,26,15,5,12,1
36,Marketing,27,1,1,1,2,3,18675,6,Yes,13,3,15,0,4,26,17,0,14,0
45,HR,14,2,2,2,3,2,11390,0,Yes,16,4,34,5,4,12,15,1,8,1
25,IT,8,2,4,2,1,4,15030,9,No,22,3,16,3,1,28,0,14,15,0
33,R&D,19,2,2,1,5,2,6374,3,No,20,3,3,1,1,38,7,5,16,1
58,R&D,14,5,3,2,5,3,14142,8,No,16,3,3,4,2,27,1,1,8,1
58,HR,10,4,1,2,3,1,13204,0,No,22,3,24,5,4,36,4,11,5,0
27,Sales,17,3,3,2,4,4,8394,8,No,19,3,32,2,1,28,14,11,11,1
45,Sales,9,5,2,2,4,1,18088,7,Yes,19,3,13,0,4,21,13,10,15,0
32,Sales,29,2,2,2,1,2,1825,4,No,12,3,23,3,4,35,2,3,14,1
34,R&D,6,5,4,4,4,2,10196,5,No,14,3,10,5,2,29,6,3,6,0
55,Sales,11,1,4,2,3,1,12652,6,No,19,3,24,1,2,27,3,9,9,1
46,Marketing,25,2,4,3,1,3,17760,3,No,24,3,27,0,3,22,10,8,3,0
28,IT,7,1,3,1,2,3,1972,5,No,23,3,6,1,4,32,11,14,2,0
25,R&D,17,2,4,4,4,4,12268,6,No,14,3,35,4,3,3,14,9,0,0
29,HR,28,5,2,4,4,4,1443,5,No,18,3,9,3,3,2,5,6,12,0
41,HR,28,4,4,2,1,3,1754,5,No,20,3,35,3,3,31,0,13,7,0
50,IT,1,3,1,1,5,3,17023,1,Yes,22,4,30,4,4,3,17,6,10,0
31,R&D,22,1,4,3,4,1,11363,4,Yes,13,3,18,1,4,0,13,11,9,1
55,Sales,5,5,3,2,3,2,11897,2,No,13,3,17,0,3,11,6,10,3,0
47,Sales,9,4,1,1,4,2,6396,6,Yes,19,3,5,1,4,12,9,0,3,0
24,Marketing,18,5,1,2,2,4,4465,3,No,21,3,27,0,3,33,8,10,3,1
27,Marketing,24,1,1,2,4,3,3711,0,No,20,3,6,5,1,28,1,4,11,0
26,Sales,27,3,3,2,5,1,19791,5,Yes,18,3,37,4,4,8,7,2,7,1
26,HR,21,5,2,2,4,4,6747,5,No,11,3,11,2,2,30,0,2,12,1
44,HR,2,2,4,2,1,1,19107,6,No,20,3,33,0,2,6,1,5,7,1
30,Marketing,29,4,1,2,4,3,2919,7,No,24,3,24,3,3,12,6,3,2,0
56,IT,26,5,1,2,5,3,18302,2,No,12,3,16,5,1,1,15,7,11,1
41,Sales,11,4,1,3,1,3,14473,5,No,13,3,32,3,4,32,3,13,14,0
56,Marketing,27,2,2,4,3,2,17965,9,No,24,3,22,5,3,6,16,3,13,0
39,Marketing,28,3,2,3,1,3,15235,1,Yes,21,3,8,3,1,17,3,7,8,1
38,Sales,6,3,3,2,2,4,16710,8,No,12,3,5,1,1,7,2,13,4,0
45,Sales,26,2,2,2,1,2,15434,1,No,13,3,1,1,4,11,8,11,14,1
24,HR,8,4,4,3,3,1,14478,2,Yes,18,4,37,1,2,29,14,14,7,0
53,IT,4,5,3,3,4,4,4881,9,No,21,3,8,5,2,8,2,11,2,0
56,IT,18,2,3,4,1,4,2999,1,No,21,3,2,5,1,27,11,3,11,0
59,Sales,28,1,4,3,1,1,15849,8,No,22,3,15,3,2,3,14,2,4,0
34,R&D,11,4,4,4,1,2,11903,0,No,24,3,24,0,1,38,7,4,8,1
46,Marketing,5,3,4,2,1,4,17784,4,No,16,3,23,5,1,16,11,11,2,0
30,Marketing,15,2,3,1,3,4,15700,0,No,24,3,28,3,1,10,12,12,7,0
25,Sales,28,3,3,1,5,4,6445,4,No,17,3,39,0,2,1,14,4,12,1
35,R&D,18,4,3,1,5,2,3628,7,No,20,3,25,1,3,22,10,9,7,0
58,HR,2,3,4,1,1,2,19040,7,No,23,3,37,5,2,21,16,9,4,1
55,Sales,22,2,4,2,3,2,18004,7,No,20,3,34,2,3,25,11,0,6,0
32,Sales,11,4,1,1,3,4,1246,1,No,16,4,22,1,2,11,17,14,4,1
24,Marketing,26,1,2,3,1,3,6212,7,Yes,11,3,3,4,4,31,15,7,8,1
49,Sales,25,2,1,3,2,1,4339,4,Yes,21,3,13,0,4,8,2,7,4,1
50,Sales,13,5,4,1,1,3,3368,0,No,13,3,38,2,2,4,8,7,7,0
30,Sales,4,2,3,3,2,2,13186,6,Yes,23,3,6,1,4,25,6,13,11,0
24,Marketing,22,4,4,4,1,4,2839,5,Yes,11,3,7,5,4,6,4,9,3,0
46,HR,7,2,2,2,2,4,7205,4,Yes,22,3,18,2,4,28,9,3,8,0
55,HR,29,1,1,1,2,3,5395,0,No,20,3,1,3,4,32,11,12,13,0
33,Sales,11,1,1,1,1,3,16290,0,Yes,22,3,0,0,3,23,7,13,12,0
30,Marketing,22,5,3,2,2,1,4691,5,No,19,3,37,4,1,24,2,8,2,0
36,HR,24,3,1,3,4,4,8470,9,No,23,3,12,3,3,30,10,9,3,1
46,HR,4,4,1,2,5,3,4841,6,No,19,3,23,2,1,28,7,2,0,0
26,HR,28,4,4,2,3,1,5348,9,No,15,3,31,1,1,4,12,6,0,1
32,Marketing,15,3,1,3,2,2,18776,9,Yes,14,3,29,0,2,37,9,5,10,1
55,Marketing,1,1,1,2,2,3,7060,0,No,22,3,5,5,2,10,17,8,15,0
45,Sales,23,1,1,3,3,2,16525,8,No,19,4,37,4,2,31,11,11,3,1
36,IT,3,2,3,3,2,1,5300,3,No,19,3,32,1,2,7,6,13,6,1
59,HR,14,5,3,2,3,2,4338,4,Yes,13,3,22,4,2,19,10,12,11,1
29,IT,6,5,4,4,1,4,6487,1,No,15,3,9,5,3,33,9,3,5,0
26,Marketing,18,5,1,3,4,4,4514,9,No,13,3,14,0,3,7,2,3,8,0
47,Marketing,25,2,3,2,4,2,18143,7,No,20,3,22,2,4,1,6,5,7,1
39,Marketing,1,5,3,3,5,4,12280,1,No,12,3,35,4,3,20,3,7,13,0
27,IT,6,3,4,4,2,1,11307,2,No,11,3,0,0,3,14,7,2,14,0
58,Marketing,6,2,2,4,5,4,10915,8,No,22,4,7,4,2,5,7,10,4,0
34,Sales,21,3,1,1,1,2,12158,1,No,20,3,2,1,4,4,5,7,14,0
49,Marketing,16,2,3,3,4,2,9621,5,Yes,12,4,13,4,3,2,12,13,5,1
26,R&D,29,5,4,3,1,2,11547,3,No,18,3,16,1,3,15,11,7,0,0
34,IT,5,3,4,2,1,3,14485,6,No,21,3,33,1,4,34,2,13,8,0
38,R&D,17,3,4,3,2,2,3459,5,No,18,3,5,0,1,8,5,13,3,1
53,Marketing,10,3,3,1,1,1,6273,9,Yes,13,3,4,3,2,34,10,6,1,1
50,Sales,28,2,1,4,4,4,19102,8,Yes,17,3,39,5,3,18,3,6,5,0
24,HR,21,4,2,4,5,4,10457,8,No,17,3,28,4,3,33,14,4,1,1
55,Marketing,18,5,1,1,4,3,6423,9,No,12,3,34,2,4,38,1,1,2,0
48,Sales,7,3,4,3,2,3,18692,3,No,19,3,17,1,3,9,14,11,6,0
34,IT,3,4,4,3,4,1,18434,0,No,13,3,39,3,2,9,16,13,16,1
54,R&D,13,5,2,1,3,2,6479,1,Yes,12,3,29,1,3,19,1,14,8,0
27,R&D,15,5,1,2,5,3,16419,7,No,22,3,14,3,1,0,6,1,8,0
45,R&D,20,3,4,4,3,4,3249,9,No,13,3,14,3,2,5,15,12,4,0
40,IT,19,3,4,1,3,3,3809,7,No,12,3,15,2,1,1,4,11,5,0
37,Sales,3,2,1,1,2,3,3921,1,No,18,4,32,3,4,37,15,9,0,1
49,IT,4,4,4,3,1,2,5676,3,No,15,3,9,2,2,32,1,11,16,0
54,R&D,5,4,1,4,3,3,3417,0,No,13,4,18,0,3,2,14,7,13,1
34,Marketing,1,3,4,3,4,1,17916,6,No,15,3,36,1,2,35,3,10,14,0
46,HR,4,5,1,1,1,4,14463,3,No,21,3,2,2,2,12,1,5,4,1
57,IT,12,3,2,2,4,2,9167,7,Yes,21,3,35,5,2,34,9,7,16,1
48,IT,28,5,4,4,4,4,2469,8,No,18,3,3,1,1,14,4,2,10,0
59,Sales,27,5,2,1,1,1,8292,8,No,17,3,10,5,4,21,17,0,9,1
28,Sales,24,3,4,1,1,1,7931,2,No,16,4,32,4,2,3,3,12,16,0
26,IT,10,1,4,2,4,3,2091,4,Yes,24,3,27,5,3,16,0,5,0,0
52,R&D,23,4,3,1,2,3,17363,5,No,23,4,31,0,2,4,17,1,4,0
44,HR,25,5,1,1,5,3,1260,5,No,11,3,15,4,2,20,5,11,15,1
31,Sales,21,5,2,4,5,4,11456,9,No,20,3,8,4,4,23,13,14,6,1
53,R&D,29,1,2,4,2,1,14435,7,Yes,11,3,10,3,3,30,9,8,11,1
51,Marketing,26,2,2,4,1,2,10377,5,No,11,3,5,5,3,39,17,4,7,0
52,Sales,20,1,1,3,4,3,16813,5,Yes,24,3,26,3,1,29,8,4,0,0
39,R&D,24,1,3,2,5,4,5301,3,Yes,20,4,11,5,3,6,11,12,11,1
57,R&D,25,5,2,4,4,3,8207,6,Yes,24,3,21,4,3,6,9,9,3,1
23,HR,13,4,1,3,2,1,17476,7,No,18,4,39,3,3,26,5,7,11,0
35,HR,23,1,4,3,4,2,9556,2,Yes,18,3,36,1,2,23,13,5,0,1
34,Marketing,14,2,2,2,2,1,14795,6,No,24,3,20,5,1,18,7,2,0,1
50,R&D,23,3,2,2,1,4,7125,2,No,17,3,32,5,3,33,13,8,2,1
33,R&D,5,1,3,1,2,3,2924,7,No,16,3,16,3,3,21,10,9,11,0
23,HR,4,1,2,3,2,1,7683,0,No,14,3,28,5,3,26,15,3,12,0
53,Sales,14,2,2,4,5,4,19922,0,No,11,4,39,4,2,5,5,9,12,0
34,Sales,10,4,4,2,4,3,19660,5,No,19,4,9,3,2,9,14,3,8,1
48,IT,17,1,1,3,5,2,14331,9,No,11,3,17,3,1,30,14,11,0,1
38,HR,10,1,1,4,3,1,10945,8,No,14,3,12,2,4,24,13,12,5,0
52,IT,26,4,3,3,2,3,18294,3,Yes,13,3,26,2,1,1,11,1,4,1
55,HR,7,2,4,2,3,3,1306,5,Yes,17,3,9,4,2,9,1,2,3,1
45,Marketing,16,1,1,1,5,3,5231,4,No,15,3,31,1,3,9,7,3,5,0
56,R&D,1,4,4,3,4,3,7028,0,No,15,3,2,5,3,25,13,6,2,0
27,Marketing,17,1,1,4,5,1,13207,5,No,14,3,21,0,1,4,4,12,16,1
40,HR,21,3,4,2,4,3,7658,8,No,11,3,26,5,3,21,8,2,10,0
51,R&D,29,5,3,1,4,4,7336,2,No,15,3,2,0,2,3,12,7,3,1
28,Sales,9,3,2,4,1,1,14896,2,No,14,3,32,4,1,33,8,7,0,1
31,Sales,6,1,3,4,2,3,10630,1,Yes,24,3,1,1,4,6,13,9,3,1
53,IT,19,2,1,4,5,1,18256,3,No,20,3,10,1,2,16,4,10,2,1
55,HR,13,5,3,3,4,4,2141,9,No,23,3,9,1,2,10,1,1,9,0
49,HR,3,3,2,2,5,4,18049,2,No,18,4,38,2,3,7,6,3,0,0
36,Sales,7,4,3,4,5,1,9400,1,No,12,3,32,4,2,27,15,7,3,1
51,Marketing,22,2,1,3,4,3,1951,0,No,18,3,6,0,2,32,10,0,0,0
58,R&D,9,3,1,2,3,3,10249,2,No,11,3,14,1,4,24,10,0,15,1
50,Marketing,22,4,3,2,2,4,13936,9,No,23,3,25,4,3,20,11,13,1,0
43,Marketing,5,1,2,3,2,3,15455,5,No,14,3,10,5,2,11,12,13,5,0
25,Sales,10,4,3,3,1,4,5722,8,No,13,3,37,0,3,25,7,3,0,1
41,Sales,23,3,2,4,1,3,13812,4,No,15,3,26,2,2,28,15,10,4,1
53,Sales,17,3,4,2,1,4,5008,2,No,23,4,38,3,4,37,0,1,1,0
57,IT,12,1,2,1,2,2,11060,4,Yes,15,3,6,0,3,34,12,0,0,1
25,Marketing,23,4,4,3,3,3,14056,4,No,15,4,0,5,3,36,10,7,15,0
48,HR,16,4,3,2,2,3,7655,4,No,22,4,9,0,4,28,3,1,1,0
38,R&D,3,1,2,2,2,3,18155,6,No,14,3,20,0,1,23,3,3,3,0
33,IT,25,4,4,4,2,1,14027,4,No,18,3,14,3,2,14,14,2,2,0
43,HR,22,1,4,1,2,3,5030,6,No,13,3,29,1,2,5,2,14,16,0
38,Marketing,9,2,4,4,3,1,1521,8,No,22,3,29,5,1,31,1,1,14,0
31,Sales,29,3,1,1,1,1,2400,4,No,14,4,7,3,3,33,5,7,9,1
22,Marketing,15,2,3,1,5,4,12930,1,No,11,3,23,0,3,35,7,2,11,0
43,R&D,5,5,4,3,1,1,4723,4,No,17,3,18,5,4,19,16,14,11,0
47,IT,23,5,2,2,1,1,7579,7,No,11,3,2,2,4,11,4,8,6,0
39,IT,13,5,4,2,5,2,19242,3,No,12,4,14,0,4,34,1,9,9,0
35,R&D,14,1,1,2,2,3,5781,1,No,21,3,35,2,1,37,11,4,4,0
50,HR,20,4,3,1,3,1,13873,9,No,17,4,5,4,1,16,4,8,10,1
33,HR,15,2,1,2,3,3,19782,2,No,11,3,17,2,3,26,9,2,1,0
57,IT,16,2,1,3,1,1,17526,8,Yes,21,3,37,0,4,16,8,11,15,0
56,IT,23,2,1,1,5,4,12043,8,Yes,13,3,18,3,3,10,7,4,11,1
33,Sales,13,2,2,1,4,2,17375,7,Yes,23,3,29,0,1,38,0,13,15,1
28,HR,17,5,3,1,2,1,18101,7,No,16,3,12,0,2,1,5,9,3,1
50,R&D,23,2,3,1,1,3,1642,7,Yes,16,3,38,4,3,1,10,5,1,0
32,HR,8,4,2,3,3,4,19932,7,Yes,16,3,11,1,1,28,2,8,9,0
54,Sales,21,5,3,2,5,3,12885,7,Yes,21,3,33,0,4,23,14,7,12,1
27,IT,2,2,1,3,5,4,8549,0,No,23,3,11,4,2,23,10,1,14,0
36,IT,5,1,3,2,1,2,14397,5,Yes,12,3,23,3,2,15,4,1,0,1
53,Sales,6,3,2,3,4,4,16074,8,No,12,3,3,4,2,30,15,12,16,1
32,R&D,12,3,1,4,3,3,14771,7,Yes,16,3,35,4,4,8,6,4,3,0
44,IT,18,3,2,4,1,3,1949,2,No,20,3,13,2,2,26,5,4,8,0
47,Marketing,22,5,4,4,4,1,17905,0,No,15,4,16,1,1,13,8,4,5,1
55,IT,22,2,1,4,5,4,15732,1,No,24,3,2,1,3,24,6,3,2,0
55,Marketing,1,5,1,1,2,3,17738,1,No,17,3,37,5,2,21,2,7,1,0
50,Sales,17,4,3,1,3,1,18866,6,No,17,4,22,3,2,34,10,10,6,1
25,Sales,11,1,1,3,3,2,10839,5,No,15,4,12,5,1,32,11,4,2,1
38,IT,10,1,2,3,4,3,13823,1,No,18,3,8,4,4,26,10,0,8,0
56,HR,19,3,3,4,1,1,19599,7,No,20,3,20,3,2,39,1,9,15,0
34,Marketing,14,3,4,2,5,3,19921,8,Yes,16,3,7,3,1,25,0,13,5,0
36,R&D,26,3,2,4,4,4,15690,6,No,15,3,16,1,1,18,1,4,11,1
50,IT,10,2,4,3,2,1,7339,3,Yes,14,3,15,1,4,38,13,0,5,1
50,R&D,15,4,4,4,2,4,11956,0,No,17,3,15,1,4,25,12,3,12,0
32,IT,28,4,4,3,2,2,4765,3,No,14,3,27,0,3,5,4,0,4,1
53,HR,19,4,1,4,4,4,3827,3,No,15,4,15,4,2,2,1,5,12,1
23,HR,4,4,2,2,5,1,3058,7,No,15,3,13,3,3,5,16,5,6,0
35,HR,2,3,2,4,3,3,12519,3,No,11,3,37,4,1,27,10,0,11,1
41,HR,9,1,1,2,1,1,1730,3,No,11,4,19,3,2,2,15,11,3,1
43,Sales,10,3,3,2,3,4,2832,1,No,13,3,33,3,1,12,17,7,4,0
32,Sales,28,4,4,3,5,4,9600,9,Yes,24,3,28,5,1,12,7,13,15,1
48,Marketing,11,3,2,2,3,3,16618,6,No,21,3,2,3,1,12,1,3,3,0
24,R&D,14,4,1,1,4,2,8170,3,No,13,3,9,3,4,0,16,1,7,0
38,IT,7,5,4,1,2,1,5179,5,No,12,3,19,2,4,39,10,12,15,1
49,IT,23,1,3,1,5,3,7299,2,No,22,3,1,2,2,36,13,13,7,1
50,Sales,15,5,3,3,5,3,8830,6,Yes,12,3,26,5,1,30,15,0,16,1
42,IT,22,2,4,1,3,3,12439,5,Yes,16,4,31,0,1,16,14,10,13,0
37,Sales,19,3,3,3,4,1,5802,2,No,23,3,9,1,2,8,14,2,11,0
58,Marketing,22,2,2,3,3,1,7615,3,No,11,3,39,3,3,12,2,6,2,0
41,R&D,15,3,2,1,3,1,7762,9,No,16,3,16,4,1,36,6,9,1,1
27,Marketing,28,5,2,2,5,2,6543,4,No,15,3,32,2,4,13,11,10,12,0
40,HR,24,4,3,4,3,3,5883,8,No,16,3,5,1,3,10,2,9,10,0
26,HR,8,4,2,3,2,4,16739,5,Yes,15,3,38,0,3,24,9,7,11,0
24,HR,11,3,1,1,3,4,1666,3,Yes,17,3,17,1,3,30,7,4,8,0
22,Marketing,29,4,2,3,2,3,1276,6,Yes,11,3,8,3,3,13,15,6,6,1
59,IT,9,5,2,2,5,4,15063,1,No,23,3,7,1,3,6,15,1,5,1
36,R&D,15,4,3,2,4,2,1881,3,Yes,13,3,24,3,3,23,11,11,13,0
55,HR,1,5,2,1,2,2,3060,4,No,16,3,30,5,2,35,4,11,13,0
56,HR,1,2,4,3,4,1,15677,3,No,11,3,3,2,2,2,5,14,4,1
46,HR,19,5,1,4,4,1,19466,3,No,23,3,19,2,3,25,5,3,12,1
45,R&D,3,1,3,4,2,1,7702,8,Yes,21,3,27,3,4,25,7,5,0,1
33,HR,10,1,1,3,5,1,10429,1,Yes,21,3,39,4,2,0,16,11,11,1
39,R&D,8,1,4,3,1,1,16853,5,No,17,3,0,2,2,14,11,11,9,0
36,HR,15,3,3,3,4,4,1158,7,No,14,3,39,4,3,10,13,11,4,1
37,Marketing,10,3,3,1,4,4,16996,7,No,13,3,22,3,4,36,1,11,5,1
48,Marketing,1,3,2,2,5,1,6229,6,No,20,4,12,5,3,6,5,13,11,0
29,R&D,29,5,1,4,5,2,8956,9,No,19,3,15,3,4,11,17,11,2,1
46,Marketing,18,3,4,1,3,4,13566,3,No,11,3,25,5,4,37,3,11,13,0
38,R&D,2,2,4,3,5,2,3526,6,No,18,3,30,2,1,2,4,4,3,0
50,Marketing,19,1,3,3,4,2,8803,9,No,11,3,0,4,2,25,5,5,16,1
29,Marketing,13,5,2,2,2,3,7574,5,No,23,3,16,3,3,29,14,11,16,0
36,R&D,22,1,3,3,1,3,9733,5,No,24,3,15,2,2,31,5,1,13,1
48,IT,1,3,3,1,3,1,18522,1,No,15,4,36,5,2,35,7,6,14,0
28,Marketing,2,5,3,1,2,2,8257,7,No,20,3,9,3,4,36,8,7,6,1
24,HR,29,4,3,2,1,4,4283,7,No,18,3,37,5,2,17,5,12,3,0
50,IT,16,2,4,1,1,3,16909,6,No,16,3,30,1,1,0,1,13,16,0
45,R&D,15,3,4,4,1,3,12802,8,No,17,3,9,5,3,20,15,10,5,0
24,IT,13,3,3,1,2,2,8896,7,No,21,3,33,1,2,27,0,8,10,1
41,Sales,16,2,3,1,3,3,19803,8,Yes,18,3,5,2,3,15,15,5,11,0
36,Sales,17,2,2,1,3,3,14526,8,Yes,23,3,27,3,2,27,0,6,14,1
46,Marketing,21,4,3,4,1,4,19140,5,Yes,16,3,27,2,3,21,0,12,11,1
51,Marketing,29,3,4,3,2,2,12278,1,No,21,3,12,0,3,18,6,11,10,0
35,HR,29,3,1,1,1,3,14242,6,No,16,3,11,5,3,0,15,12,16,1
28,IT,7,1,4,2,5,2,19690,2,Yes,21,3,39,2,2,30,16,0,7,0
38,Sales,24,5,2,4,3,3,3570,6,Yes,16,3,1,2,1,33,15,8,11,0
41,Marketing,26,5,4,2,4,4,1324,8,No,15,3,7,1,3,39,15,5,8,0
57,IT,17,1,1,1,1,2,10721,9,Yes,18,3,8,5,4,5,5,11,10,1
30,Marketing,7,5,3,2,5,3,6645,9,Yes,23,3,7,1,4,27,17,3,2,1
59,Marketing,13,2,1,1,3,4,19329,1,No,12,3,2,3,4,2,2,9,6,0
43,Sales,5,5,3,4,2,3,15404,5,Yes,17,3,8,2,1,30,7,8,2,0
23,Sales,26,5,3,2,3,2,5486,5,Yes,14,4,12,5,3,15,3,11,15,0
45,Marketing,17,1,4,2,2,3,3430,8,No,11,3,8,2,1,16,3,0,9,0
29,R&D,3,4,4,1,2,2,18229,8,No,23,3,30,3,3,26,16,1,6,1
32,Marketing,7,5,4,1,1,2,14156,4,No,15,4,24,4,1,23,4,2,14,1
34,Marketing,26,5,2,3,1,3,1567,4,Yes,13,3,7,3,3,19,13,0,9,0
38,HR,17,4,4,1,3,4,3179,8,No,14,3,30,1,4,31,14,1,11,0
29,HR,7,1,2,1,5,1,3019,7,No,17,3,30,1,3,34,11,1,8,0
42,HR,21,4,4,3,3,4,16919,6,Yes,15,3,16,2,1,12,12,6,8,1
39,R&D,1,1,3,1,4,4,19704,7,Yes,24,3,18,1,3,19,17,9,3,0
51,R&D,17,2,2,1,2,3,19030,5,Yes,14,3,2,5,2,1,13,12,4,1
39,Marketing,17,1,1,3,2,4,4909,2,No,11,3,29,3,3,3,6,5,6,0
52,HR,11,2,2,4,1,4,9015,6,No,16,4,9,2,4,26,5,11,6,0
59,R&D,25,2,2,4,5,1,4420,7,No,21,3,28,3,3,24,4,8,10,1
53,Sales,27,1,1,1,1,4,15885,7,No,20,3,39,3,2,3,3,13,9,1
32,Marketing,29,3,2,1,4,1,17740,0,No,16,3,17,2,2,31,17,4,10,0
